Program,Companies,Status,Recipient Type,Start Date,End Date,Tech Category,Website(s),,,Tagline,Outcome,Notes/Comments
OPEN 2009,1366 Technologies,ALUMNI,For-profit,3/1/10,6/30/12,Distributed Generation,http://1366tech.com/,http://1366tech.com/2019/02/26/1366-technologies-and-hanwha-q-cells-partner-on-worlds-first-factory-to-feature-direct-wafer-manufacturing-process/,,Cost-Effective Silicon Wafers for Solar Cells,Persist,
OPEN 2009,Delphi Automotive Systems,ALUMNI,For-profit,2/1/10,12/31/13,Electrical Efficiency,https://www.delphi.com/,,,More Efficient Power Conversion for EVs,Persist,
OPEN 2009,FloDesign Wind Turbine,ALUMNI,For-profit,2/22/10,3/31/13,Distributed Generation,Website doesn't work,https://www.bostonglobe.com/business/2017/05/05/deer-island-odd-looking-turbine-testament-failure/GJAe7yEYz1or8QGO07M95O/story.html,,Mixer-Ejector Wind Turbine,Pivot,
OPEN 2009,Foro Energy,ALUMNI,For-profit,1/15/10,9/30/13,Centralized Generation,http://www.foroenergy.com/,,,Laser-Mechanical Drilling for Geothermal Energy,Pivot,
OPEN 2009,General Motors (GM),ALUMNI,For-profit,1/1/10,3/31/12,Resource Efficiency,http://gmauthority.com/blog/2015/04/2016-chevrolet-malibu-hybrid-exhaust-gas-heat-recovery-feature-spotlight/,,,Waste Heat Recovery System,Perish,
OPEN 2009,ITN Energy Systems,ALUMNI,For-profit,1/1/10,6/30/13,Building Efficiency,http://www.itnes.com/,,,Electrochromic Film for More Efficient Windows,Perish,
OPEN 2009,Lehigh University,ALUMNI,Non-profit,1/1/10,6/30/12,Resource Efficiency,https://pubs.acs.org/doi/pdf/10.1021/acsami.9b03598?rand=a4qh4ngj,https://onlinelibrary.wiley.com/doi/epdf/10.1002/anie.201310308,https://pubs.rsc.org/en/content/articlelanding/2017/cc/c7cc01055a/unauth#!divAbstract,CO2 Capture Using Electric Fields,Persist,
OPEN 2009,Makani Power,ALUMNI,For-profit,9/1/10,10/16/13,Distributed Generation,https://makanipower.com/,,,Airborne Wind Turbine,Pivot,
OPEN 2009,Michigan State University (MSU),ALUMNI,Non-profit,1/14/10,9/30/13,Distributed Generation,https://scholar.google.com/citations?hl=en&user=9vENwLIAAAAJ&view_op=list_works&sortby=pubdate#d=gs_md_cita-d&u=%2Fcitations%3Fview_op%3Dview_citation%26hl%3Den%26user%3D9vENwLIAAAAJ%26cstart%3D20%26pagesize%3D80%26sortby%3Dpubdate%26citation_for_view%3D9vENwLIAAAAJ%3Ak_IJM867U9cC%26tzom%3D240,https://en.wikipedia.org/wiki/Wave_disk_engine#cite_note-8,,Shockwave Engine,Pivot,
OPEN 2009,Porifera,ALUMNI,For-profit,3/1/10,3/31/13,Resource Efficiency,http://www.porifera.com/about-porifera,,,Carbon Nanotube Membranes,Pivot,
OPEN 2009,Soraa,ALUMNI,For-profit,6/6/12,1/31/16,Building Efficiency,https://www.soraa.com/,,,Ammonothermal Growth of GaN Substrates for LEDs,Pivot,
OPEN 2009,Stanford University,ALUMNI,Non-profit,1/14/10,11/30/16,Resource Efficiency,website doesn't work,,,Behavioral Initiatives for Energy Efficiency,Pivot,
OPEN 2009,Sun Catalytix,ALUMNI,For-profit,12/31/09,12/31/12,Resource Efficiency,Website under new ownership,https://www.greentechmedia.com/articles/read/mit-energy-storage-spinout-sun-catalytix-assets-acquired-by-lockheed-marti#gs.7erl68,https://www.forbes.com/sites/michaelkanellos/2014/08/26/mit-curse-part-ii-lockheed-martin-scoops-up-sun-catalytix/#8d2b82247917,Energy from Water and Sunlight,Perish,
OPEN 2009,Teledyne Scientific & Imaging,ALUMNI,For-profit,10/1/10,4/19/13,Distributed Generation,http://www.teledyne-si.com/business-units/teledyne-scientific-company,,,Efficient Solar Concentrators,Pivot,
OPEN 2009,The Ohio State University,ALUMNI,Non-profit,4/1/10,9/30/14,Resource Efficiency,https://fan-1.engineering.osu.edu/publications,https://static1.squarespace.com/static/566b0ac3df40f3a731712cf4/t/576aaa743e00bef5ce96c52d/1466608255406/NCCC+Final+Report+DE-NT0000749+2008-2014.pdf,,Syngas into Fuel,Perish,
OPEN 2009,University of Delaware (UD),ALUMNI,Non-profit,2/15/12,12/31/14,Distributed Generation,http://yan.cbe.udel.edu/research.php,,,Affordable Hydrogen Fuel Cell Vehicles,Pivot,
OPEN 2009,"University of Illinois, Urbana-Champaign (UIUC)",ALUMNI,Non-profit,3/1/10,8/31/12,Resource Efficiency,http://sinhagroup.mechanical.illinois.edu/index.html,,,Silicon-Based Thermoelectrics,Pivot,
OPEN 2009,Kohana Technologies,CANCELLED,For-profit,3/8/13,10/1/17,Distributed Generation,http://www.kohanatech.com/,https://arc.aiaa.org/doi/abs/10.2514/6.2018-3825,,Dynamically Adjustable Wind Turbine Blades,Pivot,
OPEN 2009,Nalco,CANCELLED,For-profit,1/18/10,10/13/11,Resource Efficiency,https://www.ecolab.com/nalco-water,,,Using Enzymes to Capture CO2 in Smokestacks,Pivot,
OPEN 2009,NanOasis Technologies,CANCELLED,For-profit,1/1/10,10/14/11,Resource Efficiency,Website doesn't work,,,Use of Carbon Nanotubes for Efficient Reverse Osmosis,Persist,
OPEN 2009,United Technologies Research Center (UTRC),CANCELLED,For-profit,12/15/09,1/9/12,Resource Efficiency,http://www.utrc.utc.com/,,,Using Synthetic Enzymes for Carbon Capture,Persist,
OPEN 2012,Applied Materials,ALUMNI,For-profit,6/1/13,9/30/16,Centralized Generation,http://www.appliedmaterials.com/,http://www.appliedmaterials.com/files/tempo_elsevier_energia_procedia_1.pdf,,Low-Cost Silicon Wafers for Solar Modules,Persist,
OPEN 2012,Arizona State University (ASU),ALUMNI,Non-profit,3/12/13,2/28/17,Resource Efficiency,https://sms.asu.edu/daniel_buttry,,,Electrochemical Carbon Capture,Pivot,
OPEN 2012,Brown University,ALUMNI,Non-profit,3/20/13,5/31/17,Distributed Generation,https://sites.google.com/a/brown.edu/this-be-a-lab/research,https://arpa-e.energy.gov/sites/default/files/documents/files/Brown_OPEN2012_ExternalProjectImpactSheet_01272017_FINAL.pdf,,Customized Tidal Power Conversion Devices,Pivot,
OPEN 2012,California Institute of Technology (Caltech),ALUMNI,Non-profit,3/28/13,9/27/16,Distributed Generation,https://daedalus.caltech.edu/,https://www.spectrolab.com/photovoltaics.html,https://daedalus.caltech.edu/files/2018/12/The-Polyhedral-Specular-Reflector.pdf,Improving Solar Generation Efficiency with Solar Modules,Pivot,
OPEN 2012,Ceramatec,ALUMNI,For-profit,2/1/13,2/15/15,Resource Efficiency,Website doesn't work,,,"A One-Step, Gas-to-Liquid Chemical Converter",Pivot,
OPEN 2012,Dioxide Materials,ALUMNI,For-profit,2/1/13,3/6/17,Resource Efficiency,https://dioxidematerials.com/,,,Converting CO2 into Fuel and Chemicals,Pivot,
OPEN 2012,eNova,ALUMNI,For-profit,5/1/13,2/17/14,Resource Efficiency,No website,,,Waste Heat-Powered Gas Compressor,Pivot,
OPEN 2012,General Electric (GE) Global Research,ALUMNI,For-profit,4/30/13,7/31/17,Grid,https://arpa-e.energy.gov/sites/default/files/documents/files/GE_OPEN2012_ImpactSheet_02062017_FINAL.pdf,,,High-Power Gas Tube Switches,Pivot,
OPEN 2012,Georgia Tech Research Corporation,ALUMNI,Non-profit,4/17/13,10/17/16,Distributed Generation,https://industry.gatech.edu/technology/thermophotovoltaics-storage,http://meche.mit.edu/people/faculty/ase@mit.edu,,High-Efficiency Solar Fuel Reactor,Pivot,
OPEN 2012,Georgia Tech Research Corporation,ALUMNI,Non-profit,5/3/13,9/30/16,Distributed Generation,http://www.fmrl.gatech.edu/drupal/projects/solarvortex,https://industry.gatech.edu/technology/method-converting-solar-and-waste-heat-usable-energy,,Power Generation Using Solar-Heated Ground Air,Pivot,
OPEN 2012,Glint Photonics,ALUMNI,For-profit,4/1/13,3/31/17,Distributed Generation,https://www.glintphotonics.com/,https://arpa-e.energy.gov/?q=slick-sheet-project/self-tracking-concentrator-photovoltaics,,Self-Tracking Concentrator Photovoltaics,Pivot,
OPEN 2012,Grid Logic,ALUMNI,For-profit,3/5/13,6/4/16,Electrical Efficiency,https://www.grid-logic.com/,,,High-Power Superconductors,Pivot,
OPEN 2012,HexaTech,ALUMNI,For-profit,2/5/13,5/31/16,Grid,http://www.hexatechinc.com/,,,Semiconductors that Improve Electricity Flow,Pivot,
OPEN 2012,Integral Consulting,ALUMNI,For-profit,4/5/13,8/31/17,Distributed Generation,https://www.integral-corp.com/,https://arpa-e.energy.gov/sites/default/files/documents/files/Integral_OPEN2012_ExternalProjectImpactSheet_FINAL.pdf,https://www.sofarocean.com/products/spotter,Measuring Real-Time Wave Data with Ocean Wave Buoy,Pivot,
OPEN 2012,Massachusetts Institute of Technology (MIT),ALUMNI,Non-profit,6/1/13,12/31/14,Resource Efficiency,https://be.mit.edu/directory/jongyoon-han,http://www.rle.mit.edu/micronano/publications/,,"Scalable, Low-Power Water Treatment System",Pivot,
OPEN 2012,National Renewable Energy Laboratory (NREL),ALUMNI,Non-profit,2/1/13,12/30/18,Distributed Generation,https://www.sciencedirect.com/science/article/pii/S1876610214006092,https://www.energy.gov/sites/prod/files/2014/01/f7/csp_review_meeting_042313_ginley.pdf,https://www.nrel.gov/news/press/2017/nrel_research_yields_significant_thermoelectric_performance.html,Solar Thermoelectric Generator,Pivot,
OPEN 2012,National Renewable Energy Laboratory (NREL),ALUMNI,Non-profit,2/1/13,4/30/14,Electrical Efficiency,https://directory.science.mq.edu.au/users/1193,https://scholar.google.com/citations?hl=en&user=Qo6BzvoAAAAJ&view_op=list_works&sortby=pubdate,,Efficient Plastic Solar Cells,Persist,
OPEN 2012,Otherlab,ALUMNI,For-profit,2/19/13,9/30/17,Distributed Generation,https://arpa-e.energy.gov/sites/default/files/documents/files/Sunfolding_ImpactSheet_FINAL.pdf,,,Small Mirrors for Solar Power Tower Plants,Persist,
OPEN 2012,Pacific Northwest National Laboratory (PNNL),ALUMNI,Non-profit,4/12/13,7/17/16,Grid,https://arpa-e.energy.gov/sites/default/files/8_PNNL_Huang_GENI3.pdf,https://www.sciencedirect.com/science/article/abs/pii/S0378779616302322,http://sites.ieee.org/pes-hpcgrid/files/2018/07/GridPACK_slides.pdf,Real-Time Transmission Optimization,Pivot,
OPEN 2012,Pratt & Whitney Rocketdyne (PWR),ALUMNI,For-profit,6/14/13,3/15/15,Distributed Generation,http://www.pw.utc.com/,https://www.sciencedirect.com/science/article/pii/S1000936115002356,,Continuous Detonation Engine Combustors,Perish,
OPEN 2012,RamGoss,ALUMNI,For-profit,2/11/13,8/10/14,Grid,"No website/recent info, contact works at Breakthrough Energy",,,High-Performance Transistors,Pivot,
OPEN 2012,Rensselaer Polytechnic Institute (RPI),ALUMNI,Non-profit,3/7/13,3/6/16,Grid,https://scholar.google.com/citations?hl=en&user=uxs7YVwAAAAJ&view_op=list_works&sortby=pubdate,,,High-Power Transistor Switch,Perish,
OPEN 2012,Stanford University,ALUMNI,Non-profit,2/20/13,3/19/18,Building Efficiency,https://arpa-e.energy.gov/sites/default/files/StanfordRadiativeCooling_OPEN2012_ExternalImpactSheet_FINAL.pdf,https://www.nature.com/articles/nature13883,https://www.pnas.org/content/pnas/112/40/12282.full.pdf,Radiative Coolers for Rooftops and Cars,Pivot,
OPEN 2012,Texas Engineering Experiment Station (TEES),ALUMNI,Non-profit,4/1/13,9/30/15,Distributed Generation,https://tees.tamu.edu/,,,Electricity from Low-Temperature Waste Heat,Persist,
OPEN 2012,"University of California, Berkeley (UC Berkeley)",ALUMNI,Non-profit,4/8/13,11/30/16,Building Efficiency,https://arpa-e.energy.gov/sites/default/files/documents/files/RAPMOD%20Impact%20Sheet-01272017_FINAL.pdf,,,Rapid Building Energy Modeler - RAPMOD,Pivot,
OPEN 2012,"University of California, Berkeley (UC Berkeley)",ALUMNI,Non-profit,3/1/13,6/30/18,Grid,https://arpa-e.energy.gov/sites/default/files/documents/files/UCB_OPEN2012_ExternalProjectImpactSheet_FINAL.pdf,,,Measuring Phase Angle Change in Power Lines,Pivot,
OPEN 2012,"University of Illinois, Urbana-Champaign (UIUC)",ALUMNI,Non-profit,4/5/13,8/31/16,Grid,https://www.osti.gov/biblio/1341011,http://hkn.ieee.org/wp-content/uploads/2017/10/Bridge_2_2016.pdf,,Power Grid Security,Persist,
OPEN 2012,University of Minnesota (UMN),ALUMNI,Non-profit,3/22/13,9/21/16,Resource Efficiency,https://scholar.google.com/citations?hl=en&user=bzIzJ6cAAAAJ&view_op=list_works&sortby=pubdate,,,Ultra-Thin Membranes for Biofuels Production,Pivot,
OPEN 2012,University of North Dakota Energy & Environmental Research Center (UND-EERC),ALUMNI,Non-profit,4/1/13,6/30/14,Resource Efficiency,https://www.serdp-estcp.org/content/download/48952/466792/file/EW-201723%20Demonstration%20Report.pdf,,,Water-Efficient Power Generation,Pivot,
OPEN 2012,University of Pittsburgh,ALUMNI,Non-profit,5/1/13,4/30/16,Resource Efficiency,https://patents.google.com/patent/US9777122B2/en,https://pubs.acs.org/doi/pdf/10.1021/acs.energyfuels.6b00946?rand=l3np9orf,,CO2 Thickeners for Enhanced Oil and Gas Recovery,Pivot,
OPEN 2012,University of Texas at Austin (UT Austin),ALUMNI,Non-profit,3/28/13,9/26/16,Building Efficiency,https://arpa-e.energy.gov/sites/default/files/documents/files/UTAustin_OPEN2012%20_ExternalProjectImpactSheet_FINAL.pdf,,,Smart Window Coatings,Pivot,
OPEN 2012,Yale University,ALUMNI,Non-profit,4/24/13,12/31/15,Resource Efficiency,https://www.sciencedirect.com/science/article/pii/S0376738817304180,,,Closed-Loop System Using Waste Heat for Electricity,Pivot,
OPEN 2012,General Electric (GE) Power & Water,CANCELLED,For-profit,5/1/13,12/31/14,Distributed Generation,https://patents.google.com/patent/US9188102B2/en,,,Fabric-Based Wind Turbine Blades,Pivot,
OPEN 2012,MicroLink Devices,CANCELLED,For-profit,3/20/13,9/1/15,Distributed Generation,http://www.mldevices.com/,,,High-Efficiency Solar Cells,Pivot,
OPEN 2012,Silicon Power,CANCELLED,For-profit,5/15/13,8/10/15,Grid,https://siliconpower.com/,,,Optical Switches for High-Power Systems,Pivot,
OPEN 2012,"University of California, Santa Cruz (UC Santa Cruz)",CANCELLED,Non-profit,5/1/13,12/31/14,Distributed Generation,https://scholar.google.com/citations?hl=en&user=UE0CVaMAAAAJ&view_op=list_works&sortby=pubdate,,,Efficient Collection of Concentrated Solar,Pivot,
OPEN 2015,Cummins Corporate Research & Technology,ALUMNI,For-profit,2/9/16,8/8/18,Distributed Generation,https://www.cumminswestport.com/models/isx12n,https://www.nrel.gov/news/press/2019/nrel-announces-new-projects-to-advance-medium-and-heavy-duty-natural-gas-vehicle-technologies.html,https://patentimages.storage.googleapis.com/61/57/ae/55bbd9bf9b231f/US9709005.pdf,High-Efficiency Engines,Persist,
OPEN 2015,Princeton Optronics,ALUMNI,For-profit,2/26/16,9/30/17,Electrical Efficiency,https://ams.com/,https://patentimages.storage.googleapis.com/ef/75/1f/469801065caff3/US20170256915A1.pdf,https://www.photonics.com/Articles/AMS_Acquires_Total_Princeton_Shares/a61866,High-Efficiency Data Transfer,Pivot,
OPEN 2015,Stanford University,ALUMNI,Non-profit,6/1/16,12/31/18,Distributed Generation,https://scholar.google.com/citations?hl=en&user=ABSaf6IAAAAJ&view_op=list_works&sortby=pubdate,,https://www.cyclotronroad.org/spark,High-Efficiency Energy Converters,Pivot,
OPEN 2015,The Mackinac Technology Company,ALUMNI,For-profit,4/1/16,3/31/18,Building Efficiency,https://www.mackinac-technology.com/index.html,https://info.ornl.gov/sites/publications/Files/Pub108320.pdf,https://www.transit.dot.gov/sites/fta.dot.gov/files/docs/research-innovation/115886/fta-annual-report-public-transportation-innovation-research-projects-fy-2017-fta-report-no-0120.pdf,Single Pane Window Retrofit System,Pivot,
ADEPT,Arkansas Power Electronics International (APEI),ALUMNI,For-profit,9/14/10,3/31/14,Electrical Efficiency,https://arpa-e.energy.gov/?q=slick-sheet-project/powerful-efficient-electric-vehicle-chargers,https://www.cree.com/news-media/news/article/cree-acquires-apei-arkansas-power-electronics-international-inc,,"Powerful, Efficient Electric Vehicle Chargers",Pivot,
ADEPT,Case Western Reserve University,ALUMNI,Non-profit,9/1/10,11/30/12,Electrical Efficiency,https://arpa-e.energy.gov/?q=slick-sheet-project/titanium-alloy-power-capacitor,,,Titanium-Alloy Power Capacitor,Pivot,
ADEPT,Center for Power Electronics Systems (CPES) at Virginia Tech,ALUMNI,Non-profit,9/1/10,7/31/14,Electrical Efficiency,https://scholar.google.com/citations?hl=en&user=z2ynYMUAAAAJ&view_op=list_works&sortby=pubdate,https://www.apec-conf.org/Portals/0/Plenary%20Presentations/Speaker%204%20Heidel%20PRES.pdf,,Voltage Regulator Chip,Perish,
ADEPT,Center for Power Electronics Systems (CPES) at Virginia Tech,ALUMNI,Non-profit,9/1/10,11/30/13,Electrical Efficiency,https://scholar.google.com/citations?hl=en&user=C0lsfwUAAAAJ&view_op=list_works&sortby=pubdate,https://ieeexplore.ieee.org/stamp/stamp.jsp?tp=&arnumber=7117444,https://link.springer.com/content/pdf/10.1007%2Fs11664-013-2866-7.pdf,Integrated Power Adapter,Persist,
ADEPT,City University of New York (CUNY) Energy Institute,ALUMNI,Non-profit,9/2/10,2/28/14,Electrical Efficiency,https://ieeexplore.ieee.org/abstract/document/7130634/authors#authors,,,Metacapacitors for LED Lighting,Persist,
ADEPT,Cree,ALUMNI,For-profit,9/1/10,12/31/14,Electrical Efficiency,https://www.cree.com/,,,Utility-Scale Silicon Carbide Power Transistors,Pivot,
ADEPT,GeneSiC Semiconductor,ALUMNI,For-profit,9/1/10,2/28/13,Electrical Efficiency,https://www.genesicsemi.com/,https://www.arpa-e.energy.gov/sites/default/files/documents/files/SolarADEPT_Workshop_NxtGenPwr_Singh.pdf,https://www.genesicsemi.com/technical_support/Thyristors/Technical_articles/1207%20ECCE%20AST%20Paper.pdf,Utility-Scale Silicon Carbide Semiconductor,Pivot,
ADEPT,Georgia Tech Research Corporation,ALUMNI,Non-profit,9/1/10,2/28/14,Electrical Efficiency,http://mems.seas.upenn.edu/research.php#past,,,"Compact, Low-Profile Power Converters",Pivot,
ADEPT,Georgia Tech Research Corporation,ALUMNI,Non-profit,9/1/10,1/31/13,Electrical Efficiency,https://www.ece.gatech.edu/faculty-staff-directory/deepakraj-m-divan,,,Utility-Scale Power Router,Persist,
ADEPT,HRL Laboratories,ALUMNI,For-profit,10/1/10,6/30/14,Electrical Efficiency,http://www.hrl.com/,,,"Compact, Interactive Electric Vehicle Charger",Pivot,
ADEPT,Massachusetts Institute of Technology (MIT),ALUMNI,Non-profit,9/1/10,12/31/13,Electrical Efficiency,https://arpa-e.energy.gov/?q=impact-sheet/massachusetts-institute-technology-adept,http://www.gantechnology.com/team.html,,Advanced Power Electronics for LED Drivers,Pivot,
ADEPT,Teledyne Scientific & Imaging,ALUMNI,For-profit,10/1/10,7/31/13,Electrical Efficiency,http://www.teledyne.com/,https://www.teledynerelays.com/Datasheets%20ISSR/S20DC30.pdf,,Chip-Scale Power Conversion for LED Lighting,Pivot,
ADEPT,Transphorm,ALUMNI,For-profit,9/1/10,5/28/13,Electrical Efficiency,https://arpa-e.energy.gov/?q=impact-sheet/transphorm-adept,,,Transistors for Electric Motor Drives,Pivot,
ADEPT,General Electric (GE) Global Research,CANCELLED,For-profit,1/1/11,7/17/12,Electrical Efficiency,http://power.thayer.dartmouth.edu/people.shtml,,,Scalable Thick-Film Magnetics,Persist,
ALPHA,California Institute of Technology (Caltech),ALUMNI,Non-profit,10/1/15,12/31/18,Centralized Generation,http://www.bellanplasmagroup.caltech.edu/publications/index.html,,,Heating and Compression Mechanisms for Fusion,Pivot,
ALPHA,Helion Energy,ALUMNI,For-profit,9/30/15,9/29/18,Centralized Generation,http://www.helionenergy.com/?page_id=199,,,Compression of FRC Targets for Fusion,Pivot,
ALPHA,Lawrence Berkeley National Laboratory (LBNL),ALUMNI,Non-profit,8/1/15,6/30/18,Centralized Generation,https://scholar.google.com/citations?hl=en&user=iNe8iOMAAAAJ&view_op=list_works&sortby=pubdate,https://arpa-e.energy.gov/sites/default/files/documents/files/OPEN_2018_Cohort_Nuclear_FINAL.pdf,,MEMS Based Drivers For Fusion,Pivot,
ALPHA,NumerEx,ALUMNI,For-profit,10/1/15,10/31/18,Centralized Generation,http://www.numerex-llc.com/,,,Stabilized Liner Compressor For Low-Cost Fusion,Pivot,
ALPHA,Sandia National Laboratories,ALUMNI,Non-profit,8/15/15,11/24/18,Centralized Generation,https://ieeexplore.ieee.org/abstract/document/8636552,,,Magnetization and Heating Tools for Low-Cost Fusion,Pivot,
ARID,Advanced Cooling Technologies (ACT),ALUMNI,For-profit,8/15/15,12/31/18,Resource Efficiency,https://www.1-act.com/products/pumped-two-phase-cooling-solutions/,,,Cool Storage for Supplemental Cooling,Pivot,
ARID,General Electric (GE) Global Research,ALUMNI,For-profit,9/1/15,3/2/17,Resource Efficiency,https://patentimages.storage.googleapis.com/dd/3e/fc/079fc9b0f26f48/US20160123229A1.pdf,,,Absorption Heat Pump,Pivot,
ARID,Palo Alto Research Center (PARC),ALUMNI,For-profit,8/6/15,5/5/17,Resource Efficiency,,,,Radiative Film for Supplemental Cooling,Pivot,
ARID,SRI International,ALUMNI,Non-profit,8/5/15,6/6/17,Resource Efficiency,https://www.sri.com/work/projects/static,https://www.sri.com/sites/default/files/brochures/sri_arid_static_2017_datasheet.pdf,,Radiative Film for Supplemental Cooling,Persist,
ARID,"University of Colorado, Boulder (CU-Boulder)",ALUMNI,Non-profit,7/31/15,9/30/18,Resource Efficiency,http://radi-cool.com/,,,Radiative Cooling and Cold Storage,Pivot,
ARID,TDA Research,CANCELLED,For-profit,8/6/15,8/5/16,Resource Efficiency,,,,Water Recovery for Cooling,Pivot,
ARID,University of Maryland (UMD),CANCELLED,Non-profit,9/1/15,8/13/18,Resource Efficiency,https://patentimages.storage.googleapis.com/a2/96/93/ac695c85608e55/US20160200591A1.pdf,,,Advanced Absorption Cooling,Pivot,
BEETIT,American Superconductor (AMSC),ACTIVE,,5/20/14,10/31/19,Building Efficiency,,,,High-Efficiency Air Conditioner,Pivot,
BEETIT,ADMA Products,ALUMNI,For-profit,9/1/10,7/31/14,Building Efficiency,https://www.admaproducts.com/,https://patents.google.com/patent/US9555376B2/en,,Membrane Dehumidifier,Persist,
BEETIT,Architectural Applications (A2),ALUMNI,For-profit,10/15/10,10/14/11,Building Efficiency,http://www.architecturalapplications.com/,https://www.buildinggreen.com/product-review/fa-ade-ventilation-moving-beyond-open-windows,https://www.energy.gov/sites/prod/files/2016/08/f33/30004_Breshears_040716-1015.pdf,Energy Efficient Building Ventilation Systems,Pivot,
BEETIT,Astronautics Corporation of America,ALUMNI,For-profit,9/1/10,4/30/14,Building Efficiency,https://astronautics.com/,,,Air Conditioning with Magnetic Refrigeration,Pivot,
BEETIT,Battelle Memorial Institute,ALUMNI,Non-profit,9/1/10,12/30/11,Building Efficiency,,,,Cascade Reverse Osmosis Air Conditioning System,Pivot,
BEETIT,Dais Analytic Corporation,ALUMNI,For-profit,10/1/10,2/29/12,Building Efficiency,https://daisanalytic.com/,,,Dehumidifying Air for Cooling & Refrigeration,Pivot,
BEETIT,Georgia Tech Research Corporation,ALUMNI,Non-profit,9/1/10,6/30/14,Building Efficiency,http://www.me.gatech.edu/news/garimelladodarpae,https://www.sciencedirect.com/science/article/pii/S0140700718300069,https://patents.google.com/patent/US20110180235A1/en,Innovative Miniaturized Heat Pumps for Buildings,Pivot,
BEETIT,Pacific Northwest National Laboratory (PNNL),ALUMNI,Non-profit,9/15/10,7/31/15,Building Efficiency,https://www.pnnl.gov/news/release.aspx?id=806,https://www.nature.com/articles/ncomms5368.pdf,https://energyenvironment.pnnl.gov/pdf/NAVY_Flier_ARPAE.pdf,High-Efficiency Adsorption Chillers,Pivot,
BEETIT,Pennsylvania State University (Penn State),ALUMNI,Non-profit,9/1/10,7/31/14,Building Efficiency,Steven Garrett,https://www.forbes.com/sites/johnkoetsier/2019/01/18/this-dutch-startup-converts-heat-into-cold-via-a-stirling-engine-and-could-just-save-the-planet/#3840a2346744,,Helium-Based Soundwave Chiller,Pivot,
BEETIT,Sheetak,ALUMNI,For-profit,9/1/10,6/30/15,Building Efficiency,http://www.sheetak.com/,,,High-Efficiency Solid State Cooling Technologies,Persist,
BEETIT,United Technologies Research Center (UTRC),ALUMNI,For-profit,9/2/10,8/31/14,Building Efficiency,https://patents.google.com/patent/US20170030611A1/en?q=liquid+desiccant&assignee=United+Technologies+Research+Center,https://www.techconnect.org/news/entry.html?id=221,https://www.carrier.com/commercial/en/us/products/packaged-outdoor/outdoor-packaged-units/,Liquid Desiccant in Air Conditioners,Pivot,
BEETIT,"University of California, Los Angeles (UCLA)",ALUMNI,Non-profit,10/1/10,9/30/12,Building Efficiency,http://www.seas.ucla.edu/mtsl/,https://science.sciencemag.org/content/sci/357/6356/1130.full.pdf,,Compact Solid State Cooling Systems,Pivot,
BEETIT,University of Florida,ALUMNI,Non-profit,9/1/10,8/31/15,Building Efficiency,http://mae.ufl.edu/neslabs/,https://patentimages.storage.googleapis.com/2d/87/ae/d34b986f691997/US20190072303A1.pdf,,Membrane-Based Absorption Refrigeration Systems,Pivot,
BEETIT,University of Maryland (UMD),ALUMNI,Non-profit,10/1/10,3/6/17,Building Efficiency,https://mse.umd.edu/clark/faculty/722/Ichiro-Takeuchi,https://patents.google.com/patent/US20190085228A1/en,https://www.nature.com/articles/s41467-018-06626-y,Elastic Metal Alloy Refrigerants,Pivot,
BEETIT,University of Notre Dame,ALUMNI,Non-profit,10/1/10,9/30/13,Building Efficiency,https://wfschneidergroup.github.io/,,,Carbon Dioxide and Ionic Liquid Refrigerants,Pivot,
BEETIT,Material Methods,CANCELLED,For-profit,9/15/10,9/21/11,Building Efficiency,http://materialmethods.com/index.html,,,Sound Wave Refrigerants,Pivot,
BEETIT,United Technologies Research Center (UTRC),CANCELLED,For-profit,9/2/10,3/16/12,Building Efficiency,http://www.utrc.utc.com/,,,Water-Based Refrigerants,Persist,
DELTA,Cornell University,ALUMNI,Non-profit,4/27/15,8/15/18,Building Efficiency,https://patents.google.com/patent/US20170172227A1/en,,,Thermoregulatory Clothing System,Pivot,
DELTA,SRI International,ALUMNI,Non-profit,5/1/15,9/30/18,Building Efficiency,https://arpa-e.energy.gov/sites/default/files/18_SRI_DELTA_ProgramKickoff_0.pdf,https://arpa-e.energy.gov/sites/default/files/8.%20SRI%20Pitch%20for%20ARPA-E_DELTA%20SEPT-2017%20public.pdf,https://www.sri.com/blog/wearable-active-textiles-personal-cooling-and-heating-saving-energy-and-increasing-comfort,Wearable Electroactive Textile,Pivot,
DELTA,The State University of New York (SUNY) at Stony Brook,ALUMNI,Non-profit,5/5/15,7/30/18,Building Efficiency,https://nesywangsbu.wixsite.com/yawang/blank-c151z,,,Electroactive Smart Air-Conditioner VEnt Registers (eSAVER),Pivot,
DELTA,"University of California, Berkeley (UC Berkeley)",ALUMNI,Non-profit,5/14/15,6/30/18,Building Efficiency,https://witricity.com/technology/,,,Wirelessly Powered Heating and Cooling Devices,Pivot,
DELTA,"University of California, Irvine (UC Irvine)",ALUMNI,Non-profit,4/20/15,4/19/18,Building Efficiency,http://innovation.uci.edu/2019/01/uci-professor-alon-gorodetsky-turns-science-fiction-into-reality/,,,Thermocomfort Cloth,Pivot,
DELTA,"University of California, San Diego (UC San Diego)",ALUMNI,Non-profit,5/7/15,9/6/18,Building Efficiency,https://www.biolinq.me/,https://scholar.google.com/citations?hl=en&user=0DEykT4AAAAJ&view_op=list_works&sortby=pubdate,,Adaptive Textiles Technology,Persist,
DELTA,University of Maryland (UMD),ALUMNI,Non-profit,4/15/15,5/12/18,Building Efficiency,http://mobilecomfort.us/,http://www.ceee.umd.edu/roco,,Robotic Personal Conditioning Device,Persist,
DELTA,University of Maryland (UMD),ALUMNI,Non-profit,5/1/15,9/30/18,Building Efficiency,https://science.sciencemag.org/content/363/6427/619.abstract,,,Meta-Cooling Textile,Pivot,
DELTA,Stanford University,CANCELLED,Non-profit,4/30/15,9/30/17,Building Efficiency,https://science.sciencemag.org/content/353/6303/1019/tab-pdf,https://reader.elsevier.com/reader/sd/pii/S2542435119301552?token=1E7E8736B21E15CB51887552F6E198B517120A3B64E2E8C2D6552FC1B200CF14ABF08F612433406C174E21BB9A3B4615,https://patents.google.com/patent/US20190008217A1/en,Photonic Structure Textiles,Pivot,
FOCUS,Arizona State University (ASU),ALUMNI,Non-profit,5/30/14,8/29/17,Distributed Generation,https://ieeexplore.ieee.org/abstract/document/8366306,https://www.sunvapor.net/research--development.html,https://www.soitec.com/en,High-Temperature Topping Cells from LED Materials,Pivot,
FOCUS,Arizona State University (ASU),ALUMNI,Non-profit,6/1/14,8/31/17,Distributed Generation,https://holman.engineering.asu.edu/,https://aip.scitation.org/doi/pdf/10.1063/1.4984328?class=pdf,,Solar-Concentrating Photovoltaic Mirror,Perish,
FOCUS,Cogenra Solar,ALUMNI,For-profit,7/10/14,7/9/16,Distributed Generation,https://us.sunpower.com/,https://www.greentechmedia.com/articles/read/sunpower-integrates-cogenras-novel-solar-manufacturing-technique#gs.q9oaym,,Hybrid Solar Converter with Light-Filtering Mirror,Pivot,
FOCUS,Gas Technology Institute (GTI),ALUMNI,Non-profit,5/13/14,1/31/18,Distributed Generation,https://www.gti.energy/simultaneously-generating-electricity-and-storable-heat-with-a-hybrid-solar-energy-system/,https://news.ucmerced.edu/news/2019/uc-solar-projects-bringing-lower-costs-renewable-energy-industry-commerce-and-homes,,Double-Reflector Hybrid Solar Energy System,Perish,
FOCUS,General Electric (GE) Global Research,ALUMNI,For-profit,8/1/14,12/31/18,Distributed Generation,https://www.osti.gov/servlets/purl/1373211,http://gasturbinespower.asmedigitalcollection.asme.org/article.aspx?articleid=2714573,https://www.energy.gov/eere/solar/project-profile-general-electric-ge-global-research,Electrochemical Energy Storage with a Supercritical CO2 Cycle,Pivot,
FOCUS,Massachusetts Institute of Technology (MIT),ALUMNI,Non-profit,6/17/14,9/16/17,Distributed Generation,https://www.sciencedirect.com/science/article/pii/S2542435118300552#fig1,https://patents.google.com/patent/US20190100439A1/en?inventor=Gang+Chen&assignee=Massachusetts+Inst+Technology&after=priority:20140101,,Stacked Hybrid Solar Converter,Pivot,
FOCUS,Massachusetts Institute of Technology (MIT),ALUMNI,Non-profit,5/15/14,7/31/15,Distributed Generation,https://www.sciencedirect.com/science/article/pii/S0022024816300379,https://scholar.google.com.sg/citations?hl=en&user=Mn1-cq8AAAAJ&view_op=list_works&sortby=pubdate,https://www.osapublishing.org/prj/abstract.cfm?uri=prj-6-4-290,Low-Cost Hetero-Epitaxial Solar Cell for Hybrid Converter,Pivot,
FOCUS,Tulane University,ALUMNI,Non-profit,8/1/14,9/30/18,Distributed Generation,https://reader.elsevier.com/reader/sd/pii/S0306261917313041?token=B3F5049677F69AB49C760F0D24D06EAC8FDE00FEDD23E0C40EC700C9D20EF0C1DFA57CA13CCB04DB823F783566F9017E,http://escarra.tulane.edu/project/hybrid-solar-converter-with-integrated-thermal-storage-focus/,,Hybrid Solar Converter,Persist,
FOCUS,University of Arizona,ALUMNI,Non-profit,8/11/17,8/10/18,Distributed Generation,http://dwpenergysolutions.com/wordpress/information-center/news-blog/,https://www.osapublishing.org/view_article.cfm?gotourl=https%3A%2F%2Fwww%2Eosapublishing%2Eorg%2FDirectPDFAccess%2FD73CDDB9%2D976B%2D579D%2DEAE2AF6A3C40523D%5F376387%2FOSE%2D2017%2DRW3B%2E6%2Epdf%3Fda%3D1%26id%3D376387%26uri%3DOSE%2D2017%2DRW3B%2E6%26seq%3D0%26mobile%3Dno&org=Princeton%20University%20Library,,Partially Transmitting Mirror,Pivot,
FOCUS,University of Tulsa,ALUMNI,Non-profit,5/15/14,2/14/17,Distributed Generation,https://engineering.utulsa.edu/arpae-research-2017/,https://www.greentechmedia.com/articles/read/sunpower-integrates-cogenras-novel-solar-manufacturing-technique#gs.ydwxxl,,Liquid Filter with Plasmonic Nanoparticles,Pivot,
FOCUS,University of Tulsa,ALUMNI,Non-profit,11/7/16,12/31/18,Distributed Generation,https://www.sciencedirect.com/science/article/pii/S0960148118300259,https://www.sciencedirect.com/science/article/pii/S0960148119309206,https://aip.scitation.org/doi/pdf/10.1063/1.5117680?class=pdf,Hybrid Solar Converter with Light-Filtering Mirror,Pivot,
FOCUS,Yale University,ALUMNI,Non-profit,7/15/14,12/31/17,Distributed Generation,https://aip.scitation.org/doi/pdf/10.1063/1.5001429?class=pdf,,,High-Temperature Dual-Junction Topping Cells,Pivot,
FOCUS,MicroLink Devices,CANCELLED,For-profit,6/11/14,8/4/16,Distributed Generation,http://www.mldevices.com/index.php/news,,,Dual-Junction Photovoltaic Topping Device for High-Temp Operation,Pivot,
FOCUS,Northrop Grumman Aerospace Systems,CANCELLED,For-profit,6/15/14,8/4/16,Distributed Generation,https://arpa-e.energy.gov/sites/default/files/FOCUS_Project_Presentations_combined-Tuesday.pdf,https://proceedings.asmedigitalcollection.asme.org/proceeding.aspx?articleid=2467410,https://ieeexplore.ieee.org/stamp/stamp.jsp?tp=&arnumber=7749658,Thermo-Acoustic Hybrid Solar Energy System,Pivot,
GENI,AutoGrid,ALUMNI,For-profit,1/11/12,3/31/14,Grid,https://www.auto-grid.com/platform/autogrid-flex/,https://arpa-e.energy.gov/?q=impact-sheet/autogrid-geni,,Integration of Renewables via Demand Management,Pivot,
GENI,Boston University (BU),ALUMNI,Non-profit,4/19/13,3/31/16,Grid,http://newgridinc.com/about-us/,,,Decision-Support Software for Grid Operators,Persist,
GENI,California Institute of Technology (Caltech),ALUMNI,Non-profit,3/1/12,6/1/15,Grid,http://netlab.caltech.edu/research/power-systems-dynamics,https://patents.google.com/patent/US20160036225A1/en,,Scalable Distributed Automation System,Persist,
GENI,Cornell University,ALUMNI,Non-profit,2/8/12,8/7/15,Grid,https://www.engineering.cornell.edu/faculty-directory/ken-birman,,,Cloud Computing for the Grid,Pivot,
GENI,General Atomics,ALUMNI,For-profit,1/9/12,7/31/13,Grid,http://www.ga.com/,,,Low-Insertion HVDC Circuit Breaker,Pivot,
GENI,General Electric (GE) Global Research,ALUMNI,For-profit,2/24/12,5/31/14,Grid,https://ieeexplore.ieee.org/stamp/stamp.jsp?arnumber=7934968,https://patents.google.com/patent/EP3007177A1/en,https://arpa-e.energy.gov/sites/default/files/15_GE_Sellick_GENI3.pdf,Cost-Effective Cable Insulation,Perish,
GENI,General Electric (GE) Global Research,ALUMNI,For-profit,1/23/12,1/22/15,Grid,https://arpa-e.energy.gov/sites/default/files/15_GE_Sellick_GENI3.pdf,https://ieeexplore.ieee.org/stamp/stamp.jsp?tp=&arnumber=7140611,https://www.gegridsolutions.com/Power_Projects.htm,Connecting Renewables Directly to the Grid,Pivot,
GENI,Georgia Tech Research Corporation,ALUMNI,Non-profit,1/11/12,2/15/15,Grid,https://prosumergrid.com/about/,https://arpa-e.energy.gov/?q=slick-sheet-project/distribution-operator-simulation-studio,,"Autonomous, Decentralized Grid Architecture",Persist,
GENI,Michigan State University (MSU),ALUMNI,Non-profit,2/8/12,11/15/15,Grid,https://www.switchedsource.com/,https://innovationcenter.msu.edu/news/startup-spotlight-switched-source-transformerless-upfc,,Power Flow Controller for Renewables,Pivot,
GENI,Oak Ridge National Laboratory (ORNL),ALUMNI,Non-profit,2/24/12,6/30/17,Grid,https://arpa-e.energy.gov/sites/default/files/13_ORNL_Dimitrovski_GENI3.pdf,https://patents.google.com/patent/US20170324389A1/en,,Magnetic Amplifier for Power Flow Control,Pivot,
GENI,Sandia National Laboratories,ALUMNI,Non-profit,4/1/12,1/16/15,Grid,https://energy.sandia.gov/sandia-develops-stochastic-production-cost-model-simulator-for-electric-power-systems/,,,Probability-Based Software for Grid Optimization,Persist,
GENI,Smart Wire Grid,ALUMNI,For-profit,4/23/12,9/30/14,Grid,https://www.smartwires.com/,https://arpa-e.energy.gov/?q=impact-sheet/smart-wires-geni,,Distributed Power Flow Control,Pivot,
GENI,Texas Engineering Experiment Station (TEES),ALUMNI,Non-profit,3/1/12,6/30/15,Grid,http://smartgridcenter.tamu.edu/sgctamu/index.php/projects/,https://arpa-e.energy.gov/sites/default/files/6_TEES_Kezunovic_GENI3.pdf,https://www.ferc.gov/CalendarFiles/20150623084846-W2-A%20-%202%20-%20HEDMAN%20-%20Hedman_FERC_20150624_Final.pdf,Automated Grid Disruption Response System,Pivot,
GENI,University of Washington (UW),ALUMNI,Non-profit,3/1/12,10/14/15,Grid,https://ieeexplore.ieee.org/stamp/stamp.jsp?tp=&arnumber=7587806,,,Renewable Energy Positioning System,Pivot,
GENI,Varentec,ALUMNI,For-profit,1/3/12,5/31/16,Grid,http://varentec.com/,https://arpa-e.energy.gov/sites/default/files/Varentec_GENI_ExternalImpactSheet_FINAL.pdf,,Dynamic Power Flow Controller,Pivot,