Program,Program Targets,Program Website,Companies,Status,Recipient Type,Start Date,End Date,Tech Category,Website(s),,,Tagline,Outcome,Comments
OPEN 2009,https://drive.google.com/file/d/1_gC6c6bd0MqD8Bb7Jbqst05DcyEK3sM7/view?usp=sharing ,https://arpa-e.energy.gov/?q=arpa-e-programs/open-2009,Agrivida,ALUMNI,For-profit,1/15/10,3/31/15,Transportation Fuels,https://agrivida.com/,https://arpa-e.energy.gov/?q=slick-sheet-project/engineering-enzymes-energy-crops,,Engineering Enzymes in Energy Crops,Perish,
OPEN 2009,https://drive.google.com/file/d/1_gC6c6bd0MqD8Bb7Jbqst05DcyEK3sM7/view?usp=sharing ,https://arpa-e.energy.gov/?q=arpa-e-programs/open-2009,Algaeventure Systems (AVS),ALUMNI,For-profit,1/15/10,1/31/12,Transportation Fuels,Website doesn't work,https://www.bizjournals.com/columbus/news/2012/02/13/algaeventures-makes-move-to.html,https://www.biosortia.com/,Fuel from Algae,Perish,
OPEN 2009,https://drive.google.com/file/d/1_gC6c6bd0MqD8Bb7Jbqst05DcyEK3sM7/view?usp=sharing ,https://arpa-e.energy.gov/?q=arpa-e-programs/open-2009,Arizona State University (ASU),ALUMNI,Non-profit,1/1/10,6/30/13,Transportation Fuels,https://biodesign.asu.edu/rosa-krajmalnik-brown/bioenergy-applications,https://www.osti.gov/servlets/purl/1178659,,Turning Bacteria into Fuel,Persist,
OPEN 2009,https://drive.google.com/file/d/1_gC6c6bd0MqD8Bb7Jbqst05DcyEK3sM7/view?usp=sharing ,https://arpa-e.energy.gov/?q=arpa-e-programs/open-2009,Bio Architecture Lab,ALUMNI,For-profit,4/30/12,6/30/13,Transportation Fuels,Website doesn't work,,,Macroalgae Butanol,Perish,
OPEN 2009,https://drive.google.com/file/d/1_gC6c6bd0MqD8Bb7Jbqst05DcyEK3sM7/view?usp=sharing ,https://arpa-e.energy.gov/?q=arpa-e-programs/open-2009,Ceres,ALUMNI,For-profit,1/1/10,12/31/13,Transportation Fuels,Website doesn't work,http://hayandforage.com/article-780-land-o'lakes-acquires-ag-biotech-developer-ceres-inc.html,https://www.landolakesinc.com/lolinc/media/Pdf/Press%20Releases/2016/6-17-16.pdf,Improving Biomass Yields,Perish,
OPEN 2009,https://drive.google.com/file/d/1_gC6c6bd0MqD8Bb7Jbqst05DcyEK3sM7/view?usp=sharing ,https://arpa-e.energy.gov/?q=arpa-e-programs/open-2009,Exelus,ALUMNI,For-profit,12/1/09,5/31/12,Transportation Fuels,http://www.exelusinc.com/,https://investors.kbr.com/investors/press-releases/Press-Release-Details/2015/KBR-and-EXELUS-Sign-Technology-Licensing-Agreement/default.aspx,,High-Octane Fuel from Refinery Exhaust Gas,Persist,
OPEN 2009,https://drive.google.com/file/d/1_gC6c6bd0MqD8Bb7Jbqst05DcyEK3sM7/view?usp=sharing ,https://arpa-e.energy.gov/?q=arpa-e-programs/open-2009,General Electric (GE) Global Research,ALUMNI,For-profit,10/1/10,9/30/13,Transportation Vehicles,https://www.technologyreview.com/s/422459/new-magnets-could-solve-our-rare-earth-problems/,https://www.sciencedirect.com/science/article/abs/pii/S0304885314011937,https://patents.google.com/patent/US9373433B2/en,Nanocomposite Magnets,Persist,
OPEN 2009,https://drive.google.com/file/d/1_gC6c6bd0MqD8Bb7Jbqst05DcyEK3sM7/view?usp=sharing ,,Research Triangle Institute (RTI),ALUMNI,Non-profit,1/1/10,9/30/13,Transportation Fuels,https://www.rti.org/,,,Biofuels from Pyrolysis,Persist,
OPEN 2009,https://drive.google.com/file/d/1_gC6c6bd0MqD8Bb7Jbqst05DcyEK3sM7/view?usp=sharing ,,University of Delaware (UD),ALUMNI,Non-profit,2/15/10,9/30/13,Transportation Vehicles,https://web.physics.udel.edu/about/directory/faculty/george-c-hadjipanayis,https://pdf.sciencedirectassets.com/271906/1-s2.0-S1359646212X00149/1-s2.0-S1359646212002072/main.pdf?x-amz-security-token=AgoJb3JpZ2luX2VjEI7%2F%2F%2F%2F%2F%2F%2F%2F%2F%2FwEaCXVzLWVhc3QtMSJHMEUCIQC8tRv4EqhkKFC5Haz56KbjwMBFLd%2FX0EPq0GmXVZavGAIgN6AZnf64M8qGGTdiaT4bO%2BoTG5vpmhTqn4nU9WP1Hh8q2gMIdhACGgwwNTkwMDM1NDY4NjUiDM0peETpQpx0rPme3Cq3A%2Flr3oOmKkIy7IbyswdVJ2YIT0dUO6VtIJXOHrYjRFaRnUootBg8qyWmSAVi7wr4bVsmZeyq4bSEAeeLnUdmMxHd89esTgwCpYPIXIhqJS1k0AUuNc4SAaU3Jl8bKgpkrkLoqkcB29s4qWRCjUIU8C%2FlY%2Fpbit6baTPGpGZCYw0pgaAGkh2cgl35o0AuJIuFLHZvm%2FN7F%2BtmuARZEkTCl88PqMfS3rraRiaUlTt%2BOyImDQIod%2FGiB9ARTxMGzNp%2FPSMFEomfTy67WkBZ0jPBK%2Bzw89rwW23W%2Fld76o4RvquDfY6OYtCpRXFemz3vKJcikEu80Aqty3zhP5itwer%2BHm1UGVXxeVkhbqnW2r9ibTDsCRAPJr06xZX058P%2FZenMrGrVcY2IyaFdzWykSDlAwMy4s%2FCWFq5SFzZUhwQ94btjRKAsQ06B9MVS5kx%2F7L2J8Vwa4j5pTsS76vHBBt26nuHAqOKfjLyTOpaIzLmg2x7AlYj48GJlh%2FMTfICGGNFoVaBLKMH0jQoseZ8VCFi6UMTcYc05cwzRC3iXLiwS%2BzYABUeWWk8fKmOZddAHc%2BM9tyWXicpc4acwqZeh5gU6tAFE0PWmYNlNW1Z%2F8fkAR3e431C1DrafCLJpMHBZoRYhGjKaZ5%2FaxC%2BjFzcQvy03Ep6xhxWVAiSoGWjL3eNustSeiYFrV6Ka03UG3%2F9YO%2B2qdofMiAXoZ1sThqjNbJthmI7PPFy%2FqOvs9OzdCilfzbKKXFe19inBTMrYpPtfdsAw9%2BwysUG%2BFJAnHip6mp26ox2nbbrSzKLzXZDyeag8WSelPiVswa40ZWjEPzzxMDeEi8hCqzg%3D&AWSAccessKeyId=ASIAQ3PHCVTY7SL5KEMB&Expires=1556636321&Signature=55xCQzy9SOkyiiSVCh6bqDS221U%3D&hash=216cecdf9acaa544b200125ce4710246349c0d0a8f8c13780467052d17f536e3&host=68042c943591013ac2b2430a89b270f6af2c76d8dfd086a07176afe7c76c2c61&pii=S1359646212002072&tid=spdf-1deb5148-1271-4177-b656-14bc040b1f04&sid=449cd9344a60614fbd0ac04-0f5bdb3d2f47gxrqa&type=client,https://www.osti.gov/servlets/purl/1110789,High-Energy Composite Permanent Magnets,Persist,
OPEN 2009,https://drive.google.com/file/d/1_gC6c6bd0MqD8Bb7Jbqst05DcyEK3sM7/view?usp=sharing ,,University of Minnesota (UMN),ALUMNI,Non-profit,1/1/10,8/31/12,Transportation Fuels,https://cbs.umn.edu/wackett-lab/home,https://cbs.umn.edu/wackett-lab/research,,Biofuel from Bacteria and Sunlight,Perish,
OPEN 2009,https://drive.google.com/file/d/1_gC6c6bd0MqD8Bb7Jbqst05DcyEK3sM7/view?usp=sharing ,,Iowa State University (ISU),CANCELLED,Non-profit,1/15/10,10/14/11,Transportation Fuels,https://www.gdcb.iastate.edu/retirement-reception-for-marty-spalding,,,Optimized Breeding of Microalgae for Biofuels,Perish,
OPEN 2009,https://drive.google.com/file/d/1_gC6c6bd0MqD8Bb7Jbqst05DcyEK3sM7/view?usp=sharing ,,Pennsylvania State University (Penn State),CANCELLED,Non-profit,12/14/09,7/9/10,Transportation Fuels,https://cen.acs.org/articles/90/web/2012/02/Famed-Materials-Scientist-Charged-Grant.html,,,Solar Conversion of CO2 and Water Vapor to Hydrocarbon Fuels,Perish,
OPEN 2012,https://drive.google.com/open?id=11ZzOee8woyMAKrGeWGYXkFbi7WwS-d15,https://arpa-e.energy.gov/?q=arpa-e-programs/open-2012,Bio2Electric,ALUMNI,For-profit,2/1/13,12/31/18,Transportation Fuels,http://bio2electric.com/modular-gas-to-liquid-technology/,https://arpa-e.energy.gov/sites/default/files/documents/files/EcoCatalytic_OPEN2012_ExternalProjectImpactSheet_FINAL.pdf,,Electrogenerative Gas-to-Liquid Reactor,Persist,
OPEN 2012,https://drive.google.com/open?id=11ZzOee8woyMAKrGeWGYXkFbi7WwS-d16,https://arpa-e.energy.gov/?q=arpa-e-programs/open-2012,Colorado State University (CSU),ALUMNI,Non-profit,4/4/13,10/3/15,Transportation Fuels,https://wp.natsci.colostate.edu/medfordlab/in-the-news/,https://www-sciencedirect-com.ezproxy.princeton.edu/science/article/pii/S0168945218300529?via%3Dihub,https://patents.google.com/patent/US20180105825A1/en,More Options for Bioenergy Crops,Persist,
OPEN 2012,https://drive.google.com/open?id=11ZzOee8woyMAKrGeWGYXkFbi7WwS-d17,https://arpa-e.energy.gov/?q=arpa-e-programs/open-2012,Cornell University,ALUMNI,Non-profit,2/1/13,5/1/14,Transportation Fuels,https://www.ericksonlab.org/,,,Efficient Photobioreactor for Algae-Based Fuel,Persist,
OPEN 2012,https://drive.google.com/open?id=11ZzOee8woyMAKrGeWGYXkFbi7WwS-d18,https://arpa-e.energy.gov/?q=arpa-e-programs/open-2012,Electron Energy Corporation (EEC),ALUMNI,For-profit,4/15/13,2/14/17,Transportation Vehicles,https://www.electronenergy.com/,https://patentimages.storage.googleapis.com/7f/e0/19/f31cac04d9b64e/US10109418.pdf,,New Processing Technology for Permanent Magnets,Persist,
OPEN 2012,https://drive.google.com/open?id=11ZzOee8woyMAKrGeWGYXkFbi7WwS-d19,https://arpa-e.energy.gov/?q=arpa-e-programs/open-2012,Evolva,ALUMNI,For-profit,4/11/13,9/30/16,Transportation Fuels,https://www.evolva.com/,,,High Performance Aviation Fuels from Terpenes,Perish,
OPEN 2012,https://drive.google.com/open?id=11ZzOee8woyMAKrGeWGYXkFbi7WwS-d20,https://arpa-e.energy.gov/?q=arpa-e-programs/open-2012,Gas Technology Institute (GTI),ALUMNI,Non-profit,1/1/13,9/30/15,Transportation Fuels,https://www.gti.energy/,https://www.gti.energy/wp-content/uploads/2018/09/GTI-Annual-Report-2017.pdf,,Efficient Natural Gas-to-Methanol Conversion,Persist,
OPEN 2012,https://drive.google.com/open?id=11ZzOee8woyMAKrGeWGYXkFbi7WwS-d21,https://arpa-e.energy.gov/?q=arpa-e-programs/open-2012,Plant Sensory Systems (PSS),ALUMNI,For-profit,3/15/13,6/14/17,Transportation Fuels,https://arpa-e.energy.gov/?q=impact-sheet/plant-sensory-systems-open-2012,,,Better Biofuel Feedstock from Beets,Persist,
OPEN 2012,https://drive.google.com/open?id=11ZzOee8woyMAKrGeWGYXkFbi7WwS-d22,https://arpa-e.energy.gov/?q=arpa-e-programs/open-2012,Pratt & Whitney Rocketdyne (PWR),ALUMNI,For-profit,5/1/13,3/15/16,Transportation Fuels,http://www.pw.utc.com/,http://members.igu.org/old/IGU%20Events/igrc/igrc-2014/papers/wo2-1_basu.pdf,https://www.osti.gov/servlets/purl/1361171,Efficient Conversion of Natural Gas,Pivot,
OPEN 2012,https://drive.google.com/open?id=11ZzOee8woyMAKrGeWGYXkFbi7WwS-d23,https://arpa-e.energy.gov/?q=arpa-e-programs/open-2012,Research Triangle Institute (RTI),ALUMNI,Non-profit,3/15/13,6/30/17,Transportation Fuels,https://www.rti.org/,https://onlinelibrary.wiley.com/doi/epdf/10.1002/cjce.22443,https://patents.google.com/patent/WO2019067341A2/en?q=reformer&assignee=research+triangle+institute,Compact Inexpensive Reformers for Natural Gas,Persist,
OPEN 2012,https://drive.google.com/open?id=11ZzOee8woyMAKrGeWGYXkFbi7WwS-d24,https://arpa-e.energy.gov/?q=arpa-e-programs/open-2012,University of Tennessee (UT),ALUMNI,Non-profit,2/1/13,7/31/16,Transportation Fuels,https://arpa-e.energy.gov/?q=search/node/neal%20stewart,,,High Throughput Bioengineering of Switchgrass,Persist,
OPEN 2012,https://drive.google.com/open?id=11ZzOee8woyMAKrGeWGYXkFbi7WwS-d25,https://arpa-e.energy.gov/?q=arpa-e-programs/open-2012,University of Washington (UW),ALUMNI,Non-profit,2/1/13,6/30/16,Transportation Fuels,https://arpa-e.energy.gov/sites/default/files/documents/files/LanzaTech_REMOTE_ExternalProjectImpactSheet__FINAL.pdf,,,Microbe-Based Methane to Diesel Conversion,Persist,
OPEN 2012,https://drive.google.com/open?id=11ZzOee8woyMAKrGeWGYXkFbi7WwS-d26,https://arpa-e.energy.gov/?q=arpa-e-programs/open-2012,Vorbeck Materials,ALUMNI,For-profit,3/6/13,6/5/15,Transportation Vehicles,https://vorbeck.com/,,,"High-Performance, Low-Cost Lithium-Sulfur Batteries",Perish,
OPEN 2012,https://drive.google.com/open?id=11ZzOee8woyMAKrGeWGYXkFbi7WwS-d27,https://arpa-e.energy.gov/?q=arpa-e-programs/open-2012,"University of Colorado, Boulder (CU-Boulder)",CANCELLED,Non-profit,5/1/13,6/29/17,Transportation Fuels,https://scholar.google.com/citations?hl=en&user=KqGtMDIAAAAJ&view_op=list_works&sortby=pubdate,,,Small-Scale Reactors for Natural Gas Conversion,Pivot,
OPEN 2012,https://drive.google.com/open?id=11ZzOee8woyMAKrGeWGYXkFbi7WwS-d28,https://arpa-e.energy.gov/?q=arpa-e-programs/open-2012,University of Wisconsin-Madison (UW-Madison),CANCELLED,Non-profit,2/12/13,5/31/14,Transportation Fuels,https://scholar.google.com/citations?hl=en&user=gel3FSkAAAAJ&view_op=list_works&sortby=pubdate,,,"Turning Sunlight, CO2, and Water into Fuel",Pivot,
Electrofuels,https://drive.google.com/open?id=17xX4pKOSXqSuquuaZwNCAaHToTdQMPpS ,https://arpa-e.energy.gov/?q=arpa-e-programs/electrofuels,Columbia University,ALUMNI,Non-profit,7/1/10,6/30/14,Transportation Fuels,https://bantalab.cheme.columbia.edu/,,,"Biofuels from Bacteria, Electricity, and CO2",Persist,
Electrofuels,https://drive.google.com/open?id=17xX4pKOSXqSuquuaZwNCAaHToTdQMPpS ,https://arpa-e.energy.gov/?q=arpa-e-programs/electrofuels,Ginkgo Bioworks,ALUMNI,For-profit,7/16/10,1/15/14,Transportation Fuels,https://www.ginkgobioworks.com/,https://www.theatlantic.com/science/archive/2018/02/ginkgo-bioworks-gmos/552374/,,Biofuels from E. Coli,Perish,
Electrofuels,https://drive.google.com/open?id=17xX4pKOSXqSuquuaZwNCAaHToTdQMPpS ,https://arpa-e.energy.gov/?q=arpa-e-programs/electrofuels,Harvard University,ALUMNI,Non-profit,7/1/10,9/30/13,Transportation Fuels,https://silver.med.harvard.edu/index.php/publications/,,,"Fuel from Bacteria, CO2, Water, and Solar Energy",Persist,
Electrofuels,https://drive.google.com/open?id=17xX4pKOSXqSuquuaZwNCAaHToTdQMPpS ,https://arpa-e.energy.gov/?q=arpa-e-programs/electrofuels,Lawrence Berkeley National Laboratory (LBNL),ALUMNI,Non-profit,7/16/10,12/31/14,Transportation Fuels,https://link.springer.com/chapter/10.1007/978-1-4614-3348-4_40,https://aem.asm.org/content/79/14/4433.short#ack-1,https://scholar.google.com/scholar?hl=en&as_sdt=0%2C33&q=Steven+Singer+%2B+arpa-e&btnG=,Turning Bacteria into Biofuel,Pivot,
Electrofuels,https://drive.google.com/open?id=17xX4pKOSXqSuquuaZwNCAaHToTdQMPpS ,https://arpa-e.energy.gov/?q=arpa-e-programs/electrofuels,Massachusetts Institute of Technology (MIT),ALUMNI,Non-profit,7/15/10,3/31/14,Transportation Fuels,https://arpa-e.energy.gov/sites/default/files/documents/files/MIT_Electrofuels_ExternalProjectImpactSheet_01272017_FINAL.pdf,,,Natural Oil Production from Microorganisms,Persist,
Electrofuels,https://drive.google.com/open?id=17xX4pKOSXqSuquuaZwNCAaHToTdQMPpS ,https://arpa-e.energy.gov/?q=arpa-e-programs/electrofuels,Massachusetts Institute of Technology (MIT),ALUMNI,Non-profit,7/15/10,10/1/13,Transportation Fuels,https://wit.edu/directory/christopher-brigham,,,Liquid Fuel from Bacteria,Persist,
Electrofuels,https://drive.google.com/open?id=17xX4pKOSXqSuquuaZwNCAaHToTdQMPpS ,https://arpa-e.energy.gov/?q=arpa-e-programs/electrofuels,Medical University of South Carolina (MUSC),ALUMNI,Non-profit,7/9/10,2/15/15,Transportation Fuels,http://www.electrobiome.org/publications.html,,,Liquid Fuel from Microbial Communities,Persist,
Electrofuels,https://drive.google.com/open?id=17xX4pKOSXqSuquuaZwNCAaHToTdQMPpS ,https://arpa-e.energy.gov/?q=arpa-e-programs/electrofuels,North Carolina State University (NC State),ALUMNI,Non-profit,7/1/10,12/31/14,Transportation Fuels,https://www.tandfonline.com/doi/full/10.1080/17597269.2014.996729?scroll=top&needAccess=true,https://www.cbe.ncsu.edu/extremophiles/publications-and-patents/,,Liquid Fuel from Heat-Loving Microorganisms,Pivot,
Electrofuels,https://drive.google.com/open?id=17xX4pKOSXqSuquuaZwNCAaHToTdQMPpS ,https://arpa-e.energy.gov/?q=arpa-e-programs/electrofuels,OPX Biotechnologies,ALUMNI,For-profit,7/12/10,3/31/14,Transportation Fuels,https://greenchemicalsblog.com/2015/05/05/opxbio-sells-fermentation-tech-to-cargill/,https://www.cargill.com/news/releases/2015/NA31794255.jsp,,Engineering Bacteria for Efficient Fuel Production,Perish,
Electrofuels,https://drive.google.com/open?id=17xX4pKOSXqSuquuaZwNCAaHToTdQMPpS ,https://arpa-e.energy.gov/?q=arpa-e-programs/electrofuels,Pennsylvania State University (Penn State),ALUMNI,Non-profit,7/1/10,6/30/14,Transportation Fuels,http://www.curtislab.org/wrc2,https://www.sciencedirect.com/science/article/pii/S0960852414012346,https://scholar.google.com/scholar?hl=en&as_sdt=0%2C33&q=+Wayne+Curtis+arpa-e&btnG=,Genetically Modified Bacteria for Fuel Production,Pivot,
Electrofuels,https://drive.google.com/open?id=17xX4pKOSXqSuquuaZwNCAaHToTdQMPpS ,https://arpa-e.energy.gov/?q=arpa-e-programs/electrofuels,The Ohio State University,ALUMNI,Non-profit,7/1/10,6/30/14,Transportation Fuels,https://jb.asm.org/content/197/22/3488.short#ack-1,https://scholar.google.com/scholar?hl=en&as_sdt=0%2C33&q=F.+Tabita+arpa-e&btnG=,https://patents.google.com/patent/US20140087436A1/en,Fuel From Bacteria,Persist,
Electrofuels,https://drive.google.com/open?id=17xX4pKOSXqSuquuaZwNCAaHToTdQMPpS ,https://arpa-e.energy.gov/?q=arpa-e-programs/electrofuels,"University of California, Los Angeles (UCLA)",ALUMNI,Non-profit,7/15/10,4/30/14,Transportation Fuels,https://www.seas.ucla.edu/liao_lab/next-generation-biofuels.html,https://science.sciencemag.org/content/335/6076/1596,,Liquid Fuel from Renewable Electricity and Bacteria,Persist,
Electrofuels,https://drive.google.com/open?id=17xX4pKOSXqSuquuaZwNCAaHToTdQMPpS ,https://arpa-e.energy.gov/?q=arpa-e-programs/electrofuels,University of Massachusetts at Amherst (UMass Amherst),ALUMNI,Non-profit,7/1/10,6/30/14,Transportation Fuels,https://scholar.google.com/scholar?q=Derek+Lovley+arpa-e&hl=en&as_sdt=0%2C31&as_ylo=2012&as_yhi=,,,Biofuels from Solar Energy and Bacteria,Persist,
IDEAS,https://drive.google.com/open?id=1A8u4oPAB431zgUzwqNS9vZSoChhWbBwl ,https://arpa-e.energy.gov/?q=arpa-e-programs/ideas,California Institute of Technology (Caltech),ALUMNI,Non-profit,3/9/15,9/30/17,Transportation Fuels,https://pubs.acs.org/doi/pdf/10.1021/jacs.7b13409?rand=3kia1q0g,https://pubs.acs.org/doi/pdf/10.1021/acs.jpcc.9b04386?rand=jv9v6une,,Acoustic Wave Enhanced Catalysis,Persist,
IDEAS,https://drive.google.com/open?id=1A8u4oPAB431zgUzwqNS9vZSoChhWbBwl ,https://arpa-e.energy.gov/?q=arpa-e-programs/ideas,Columbia University,ALUMNI,Non-profit,3/1/15,5/30/16,Transportation Fuels,https://patents.google.com/patent/US20170333840A1/en,"https://scholar.google.com/scholar?as_ylo=2015&q=Scott+Banta+%2B+arpa-e&hl=en&as_sdt=0,33",,Co-Generation of Fuels During Copper Bioleaching,Persist,
IDEAS,https://drive.google.com/open?id=1A8u4oPAB431zgUzwqNS9vZSoChhWbBwl ,https://arpa-e.energy.gov/?q=arpa-e-programs/ideas,Cornell University,ALUMNI,Non-profit,8/17/16,8/16/17,Transportation Fuels,https://archergroup.cbe.cornell.edu/research/,https://onlinelibrary.wiley.com/doi/full/10.1002/anie.201707754,,Secondary Lithium Metal Batteries,Persist,
IDEAS,https://drive.google.com/open?id=1A8u4oPAB431zgUzwqNS9vZSoChhWbBwl ,https://arpa-e.energy.gov/?q=arpa-e-programs/ideas,Gas Technology Institute (GTI),ALUMNI,For-profit,9/7/16,9/30/17,Transportation Fuels,https://www.gti.energy/soft-oxidation-softox-process-mitigates-flaring-issues-and-converts-sour-gas-to-clean-liquid-fuels/,https://www.cosia.ca/uploads/documents/id44/COSIA%20GTI%20Natural%20Gas%20Decarbonization%20Report%20July.pdf,,Methane Soft Oxidation,Persist,
IDEAS,https://drive.google.com/open?id=1A8u4oPAB431zgUzwqNS9vZSoChhWbBwl ,https://arpa-e.energy.gov/?q=arpa-e-programs/ideas,Hi Fidelity Genetics,ALUMNI,For-profit,5/5/16,11/10/17,Transportation Fuels,https://hifidelitygenetics.com/news/,,,Plant Root Phenotyping,Persist,
IDEAS,https://drive.google.com/open?id=1A8u4oPAB431zgUzwqNS9vZSoChhWbBwl ,https://arpa-e.energy.gov/?q=arpa-e-programs/ideas,Inventev,ALUMNI,For-profit,1/6/16,4/5/17,Transportation Vehicles,https://inventev.com/news-%26-events?blogcategory=Press+Release,,,Transmission-Based Power Generator,Persist,
IDEAS,https://drive.google.com/open?id=1A8u4oPAB431zgUzwqNS9vZSoChhWbBwl ,https://arpa-e.energy.gov/?q=arpa-e-programs/ideas,Iowa State University (ISU),ALUMNI,Non-profit,8/11/16,12/31/17,Transportation Fuels,https://www.biorenew.iastate.edu/research/thermochemical/autothermal/,https://www.aiche.org/rapid/projects/autothermal-pyrolysis-lignocellulose-wastes-sugars-and-other-biobased-products,,Catalytic Autothermal Pyrolysis,Persist,
IDEAS,https://drive.google.com/open?id=1A8u4oPAB431zgUzwqNS9vZSoChhWbBwl ,https://arpa-e.energy.gov/?q=arpa-e-programs/ideas,Princeton Optronics,ALUMNI,For-Profit,10/1/14,9/30/15,Transportation Vehicles,https://patents.google.com/patent/US9574541,https://www.sciencedirect.com/science/article/pii/S0079672718300107,,Development of a New Type of Laser Ignition System,Persist,Acquired by AMS in 2017
IDEAS,https://drive.google.com/open?id=1A8u4oPAB431zgUzwqNS9vZSoChhWbBwl ,https://arpa-e.energy.gov/?q=arpa-e-programs/ideas,Rice University,ALUMNI,Non-profit,9/15/16,12/14/17,Transportation Fuels,https://link.springer.com/article/10.1007/s10295-018-2035-3,,,Biological Ammonia Production,Pivot,No longer producing ammonia
IDEAS,https://drive.google.com/open?id=1A8u4oPAB431zgUzwqNS9vZSoChhWbBwl ,https://arpa-e.energy.gov/?q=arpa-e-programs/ideas,Space Orbital Services,ALUMNI,For-profit,8/1/14,12/31/15,Transportation Fuels,Website doesn't work,,,Low Temperature Methane Conversion Through Impacting Common Alloy Catalysts,Perish,
IDEAS,https://drive.google.com/open?id=1A8u4oPAB431zgUzwqNS9vZSoChhWbBwl ,https://arpa-e.energy.gov/?q=arpa-e-programs/ideas,"University of Colorado, Boulder (CU-Boulder)",ALUMNI,Non-profit,10/15/15,8/14/17,Transportation Vehicles,https://ieeexplore.ieee.org/stamp/stamp.jsp?tp=&arnumber=8779693,,,Capacitive Wireless Power System,Persist,
MOVE,https://drive.google.com/open?id=1lOH-ovjG0DOq1rUXRstP6zg-UVldZAuM  ,https://arpa-e.energy.gov/?q=arpa-e-programs/move,Blackpak,ALUMNI,For-profit,10/1/12,9/30/16,Transportation Fuels,Website doesn't work,,,Sorbent-Based Natural Gas Tank,Perish,
MOVE,https://drive.google.com/open?id=1lOH-ovjG0DOq1rUXRstP6zg-UVldZAuM  ,https://arpa-e.energy.gov/?q=arpa-e-programs/move,Eaton Corporation,ALUMNI,For-profit,1/1/13,12/31/15,Transportation Fuels,https://www.fuelfreedom.org/garage-filling-stations-are-we-getting-close/,,,Liquid-Piston Isothermal Home Natural Gas Compressor,Pivot,Still working on CNG but no evidence of home natural gas compressor
MOVE,https://drive.google.com/open?id=1lOH-ovjG0DOq1rUXRstP6zg-UVldZAuM  ,https://arpa-e.energy.gov/?q=arpa-e-programs/move,Gas Technology Institute (GTI),ALUMNI,Non-profit,1/1/13,12/31/14,Transportation Fuels,https://pubs.acs.org/doi/10.1021/acs.nanolett.6b00919,https://patents.google.com/patent/US9249934B2/en?q=nano-valved&assignee=gas+,,Adsorbent Materials for Natural Gas Storage,Persist,
MOVE,https://drive.google.com/open?id=1lOH-ovjG0DOq1rUXRstP6zg-UVldZAuM  ,https://arpa-e.energy.gov/?q=arpa-e-programs/move,Gas Technology Institute (GTI),ALUMNI,Non-profit,10/1/12,3/31/14,Transportation Fuels,https://pubs.acs.org/doi/pdf/10.1021/jp502359q?rand=30zi5l73,,,Low-Pressure Conformable Natural Gas Vehicle Tank,Persist,
MOVE,https://drive.google.com/open?id=1lOH-ovjG0DOq1rUXRstP6zg-UVldZAuM  ,https://arpa-e.energy.gov/?q=arpa-e-programs/move,OnBoard Dynamics,ALUMNI,For-profit,10/1/12,1/14/18,Transportation Fuels,https://arpa-e.energy.gov/sites/default/files/OnBoardDynamics_MOVE_External_ImpactProjectSheet_FINAL.pdf,https://onboarddynamics.com/about-onboard-dynamics/,,On-Vehicle Engine-Compressor System,Persist,"New on-vehicle technology is not yet on company website, but appears to still be in development"
MOVE,https://drive.google.com/open?id=1lOH-ovjG0DOq1rUXRstP6zg-UVldZAuM  ,https://arpa-e.energy.gov/?q=arpa-e-programs/move,Otherlab,ALUMNI,For-profit,9/3/12,3/31/16,Transportation Fuels,https://arpa-e.energy.gov/sites/default/files/documents/files/Otherlab_MOVE_ExternalProjectImpactSheet_FINAL.pdf,http://voluteinc.com/,,Intestinal Natural Gas Storage,Persist,Technology licensed to another company.
MOVE,https://drive.google.com/open?id=1lOH-ovjG0DOq1rUXRstP6zg-UVldZAuM  ,https://arpa-e.energy.gov/?q=arpa-e-programs/move,Pacific Northwest National Laboratory (PNNL),ALUMNI,Non-profit,10/1/12,9/30/14,Transportation Fuels,"http://patft.uspto.gov/netacgi/nph-Parser?Sect1=PTO1&Sect2=HITOFF&d=PALL&p=1&u=%2Fnetahtml%2FPTO%2Fsrchnum.htm&r=1&f=G&l=50&s1=9,234,626.PN.&OS=PN/9,234,626&RS=PN/9,234,626",,,Ultra-Light Conformable Natural Gas Tank,Persist,
MOVE,https://drive.google.com/open?id=1lOH-ovjG0DOq1rUXRstP6zg-UVldZAuM  ,https://arpa-e.energy.gov/?q=arpa-e-programs/move,REL,ALUMNI,For-profit,9/1/12,9/30/16,Transportation Fuels,https://www.relinc.com/,https://arpa-e.energy.gov/?q=impact-sheet/rel-move,,Conformable Core Gas Tank,Persist,
MOVE,https://drive.google.com/open?id=1lOH-ovjG0DOq1rUXRstP6zg-UVldZAuM  ,https://arpa-e.energy.gov/?q=arpa-e-programs/move,Texas A&M University,ALUMNI,Non-profit,9/17/12,12/31/14,Transportation Fuels,http://www.chem.tamu.edu/rgroup/zhou/,,,Highly Adsorbent Materials for Natural Gas Storage,Persist,
MOVE,https://drive.google.com/open?id=1lOH-ovjG0DOq1rUXRstP6zg-UVldZAuM  ,https://arpa-e.energy.gov/?q=arpa-e-programs/move,United Technologies Research Center (UTRC),ALUMNI,For-profit,10/1/12,3/31/16,Transportation Fuels,http://www.utrc.utc.com/,https://arpa-e.energy.gov/sites/default/files/documents/files/UTRC_MOVE_conformable_ExternalProjectImpactsheet_FINAL.pdf,,Modular Natural Gas Tank,Persist,
MOVE,https://drive.google.com/open?id=1lOH-ovjG0DOq1rUXRstP6zg-UVldZAuM  ,https://arpa-e.energy.gov/?q=arpa-e-programs/move,University of Texas at Austin (UT Austin),ALUMNI,Non-profit,10/1/12,12/31/15,Transportation Fuels,https://www.cem.utexas.edu/content/linear-natural-gas-compressor,,,Single-Piston Natural Gas Compressor,Persist,
MOVE,https://drive.google.com/open?id=1lOH-ovjG0DOq1rUXRstP6zg-UVldZAuM  ,https://arpa-e.energy.gov/?q=arpa-e-programs/move,Ford Motor Company,CANCELLED,For-profit,9/17/12,3/31/15,Transportation Fuels,https://pubs.acs.org/doi/pdf/10.1021/acs.energyfuels.6b02510?rand=7kllnfu6,,,Low Pressure Material-Based Natural Gas Fuel System,Pivot,Now working on hydrogen storage 
MOVE,https://drive.google.com/open?id=1lOH-ovjG0DOq1rUXRstP6zg-UVldZAuM  ,https://arpa-e.energy.gov/?q=arpa-e-programs/move,GE Global Research,CANCELLED,For-profit,1/1/13,4/20/14,Transportation Fuels,http://www.chartindustries.com/Energy,https://www.bhge.com/midstream/gas-processing-pipeline-and-storage/virtual-natural-gas-pipeline/cng-box,,Chilled Natural Gas for At-Home Refueling,Pivot,
PETRO,https://drive.google.com/open?id=17dzJRXk_dOFLuHBSIQ5yRm4ZgfX5U-4o ,https://arpa-e.energy.gov/?q=arpa-e-programs/petro,Arcadia Biosciences,ALUMNI,For-profit,1/1/12,9/30/15,Transportation Fuels,https://arcadiabio.com/products/agricultural_productivity/,,,Vegetable Oil from Leaves and Stems,Perish,
PETRO,https://drive.google.com/open?id=17dzJRXk_dOFLuHBSIQ5yRm4ZgfX5U-4o ,https://arpa-e.energy.gov/?q=arpa-e-programs/petro,Donald Danforth Plant Science Center,ALUMNI,Non-profit,1/1/12,12/31/16,Transportation Fuels,https://patents.google.com/patent/US20180313760A1/en,https://www.sciencedirect.com/science/article/pii/S0926669019303115,,Improved Light Utilization in Camelina,Pivot,"Not working on improving light utilization, but still working on Camelina; might be characterized as Persist"
PETRO,https://drive.google.com/open?id=17dzJRXk_dOFLuHBSIQ5yRm4ZgfX5U-4o ,https://arpa-e.energy.gov/?q=arpa-e-programs/petro,Lawrence Berkeley National Laboratory (LBNL),ALUMNI,Non-profit,1/1/12,3/26/15,Transportation Fuels,http://ucbiotech.org/folium/about_us/index.html,https://scholar.google.com/citations?hl=en&user=qualVfkAAAAJ&view_op=list_works&sortby=pubdate,,Oil from Tobacco Leaves,Perish,
PETRO,https://drive.google.com/open?id=17dzJRXk_dOFLuHBSIQ5yRm4ZgfX5U-4o ,https://arpa-e.energy.gov/?q=arpa-e-programs/petro,North Carolina State University (NC State),ALUMNI,Non-profit,1/1/12,3/31/17,Transportation Fuels,https://arpa-e.energy.gov/sites/default/files/documents/files/NCSU_UMass_PETRO_ExternalProjectImpactSheet_FINAL.pdf,,,Jet Fuel from Camelina,Persist,
PETRO,https://drive.google.com/open?id=17dzJRXk_dOFLuHBSIQ5yRm4ZgfX5U-4o ,https://arpa-e.energy.gov/?q=arpa-e-programs/petro,Texas A&M Agrilife Research,ALUMNI,Non-profit,2/15/12,3/6/17,Transportation Fuels,https://agriliferesearch.tamu.edu/,https://www.pnas.org/content/pnas/113/50/14225.full.pdf,,Fuel from Tobacco and Arundo Donax,Persist,
PETRO,https://drive.google.com/open?id=17dzJRXk_dOFLuHBSIQ5yRm4ZgfX5U-4o ,https://arpa-e.energy.gov/?q=arpa-e-programs/petro,"University of California, Los Angeles (UCLA)",ALUMNI,Non-profit,1/1/12,9/30/15,Transportation Fuels,http://www.seas.ucla.edu/liao_lab/,https://science.sciencemag.org/content/335/6076/1596/tab-pdf,https://patents.google.com/patent/US10006033B2/en,Efficient CO2 Fixation Pathways,Pivot,
PETRO,https://drive.google.com/open?id=17dzJRXk_dOFLuHBSIQ5yRm4ZgfX5U-4o ,https://arpa-e.energy.gov/?q=arpa-e-programs/petro,University of Florida,ALUMNI,Non-profit,1/1/12,9/9/17,Transportation Fuels,https://arpa-e.energy.gov/?q=impact-sheet/university-florida-petro,,,Tappable Pine Trees,Persist,
PETRO,https://drive.google.com/open?id=17dzJRXk_dOFLuHBSIQ5yRm4ZgfX5U-4o ,https://arpa-e.energy.gov/?q=arpa-e-programs/petro,"University of Illinois, Urbana-Champaign (UIUC)",ALUMNI,Non-profit,2/15/12,3/31/17,Transportation Fuels,https://arpa-e.energy.gov/sites/default/files/documents/files/UIUC%20PETROSS%20Impact%20sheet_020617_FINAL.pdf,,,Genetically Enhanced Sorghum and Sugarcane,Persist,
PETRO,https://drive.google.com/open?id=17dzJRXk_dOFLuHBSIQ5yRm4ZgfX5U-4o ,https://arpa-e.energy.gov/?q=arpa-e-programs/petro,University of Massachusetts at Amherst (UMass Amherst),ALUMNI,Non-profit,1/1/12,12/31/15,Transportation Fuels,https://arpa-e.energy.gov/sites/default/files/documents/files/NCSU_UMass_PETRO_ExternalProjectImpactSheet_FINAL.pdf,,,Enhanced Carbon Concentration in Camelina,Persist,
PETRO,https://drive.google.com/open?id=17dzJRXk_dOFLuHBSIQ5yRm4ZgfX5U-4o ,https://arpa-e.energy.gov/?q=arpa-e-programs/petro,Chromatin,CANCELLED,For-profit,1/1/12,12/31/15,Transportation Fuels,Website doesn't work,https://www.hpj.com/crops/s-w-seed-acquires-chromatin-assets/article_843a5884-e2a1-11e8-9a45-bb7dd742996a.html,,Biofuels from Sorghum,Perish,
REFUEL,https://drive.google.com/open?id=1CupqgNnvCvAuVoPX3ChT335RvLbRY57C ,https://arpa-e.energy.gov/?q=arpa-e-programs/refuel,Skyre,ALUMNI,,6/9/17,9/30/18,Transportation Fuels,,,,Carbon Dioxide to Dimethyl Ether,Persist,https://www.skyre-inc.com/applications/co2-to-fuels/
REMOTE,https://drive.google.com/open?id=1A8xC-mdh5w_TR3FbXFZUdjCaYoQVuxZQ ,https://arpa-e.energy.gov/?q=arpa-e-programs/remote,ARZEDA,ALUMNI,For-profit,1/1/14,9/30/15,Transportation Fuels,https://www.arzeda.com/,,,Metalloenzymes for Methane Activation,Perish,
REMOTE,https://drive.google.com/open?id=1A8xC-mdh5w_TR3FbXFZUdjCaYoQVuxZQ ,https://arpa-e.energy.gov/?q=arpa-e-programs/remote,Calysta Energy,ALUMNI,For-profit,1/6/14,1/5/15,Transportation Fuels,http://calysta.com/calysta-acquires-bioprotein-proven-methane-feed-technology-enters-370-billion-nutritional-market-approved-product/,,,Bioreactor Designs for Rapid Fermentation,Perish,http://calysta.com/about-us/
REMOTE,https://drive.google.com/open?id=1A8xC-mdh5w_TR3FbXFZUdjCaYoQVuxZQ ,https://arpa-e.energy.gov/?q=arpa-e-programs/remote,GreenLight Biosciences,ALUMNI,For-profit,2/3/14,3/6/17,Transportation Fuels,https://www.prnewswire.com/news-releases/greenlight-biosciences-announces-series-d-financing-unveils-rna-strategy-300518654.html?tc=eml_cleartime,,,Cell-Free Bioconversion of Natural Gas,Perish,https://www.greenlightbiosciences.com/
REMOTE,https://drive.google.com/open?id=1A8xC-mdh5w_TR3FbXFZUdjCaYoQVuxZQ ,https://arpa-e.energy.gov/?q=arpa-e-programs/remote,Lawrence Berkeley National Laboratory (LBNL),ALUMNI,Non-profit,1/1/14,12/31/16,Transportation Fuels,https://patents.google.com/patent/US20190144891A1/en,,,Enzymes for Methane Conversion,Perish,Primary contact no longer pursuing this project. Patent assignee (Kiverdi) is not either.
REMOTE,https://drive.google.com/open?id=1A8xC-mdh5w_TR3FbXFZUdjCaYoQVuxZQ ,https://arpa-e.energy.gov/?q=arpa-e-programs/remote,Massachusetts Institute of Technology (MIT),ALUMNI,Non-profit,2/3/14,6/30/17,Transportation Fuels,https://patents.google.com/patent/US20160355849A1/en,,,Single-Step Methane to Liquid Fuels,Persist,https://stephanopouloslab.org/remote/
REMOTE,https://drive.google.com/open?id=1A8xC-mdh5w_TR3FbXFZUdjCaYoQVuxZQ ,https://arpa-e.energy.gov/?q=arpa-e-programs/remote,MOgene Green Chemicals,ALUMNI,For-profit,1/1/14,6/30/17,Transportation Fuels,https://share-ng.sandia.gov/news/resources/news_releases/remote_fuels/,,,Sunlight-Assisted Methane Conversion,Perish,
REMOTE,https://drive.google.com/open?id=1A8xC-mdh5w_TR3FbXFZUdjCaYoQVuxZQ ,https://arpa-e.energy.gov/?q=arpa-e-programs/remote,Northwestern University,ALUMNI,Non-profit,2/12/14,11/15/15,Transportation Fuels,http://groups.molbiosci.northwestern.edu/rosenzweig/publications.html,,,New Synthetic Catalysts for Methane Activation,Persist,
REMOTE,https://drive.google.com/open?id=1A8xC-mdh5w_TR3FbXFZUdjCaYoQVuxZQ ,https://arpa-e.energy.gov/?q=arpa-e-programs/remote,Oregon State University (OSU),ALUMNI,Non-profit,1/1/14,8/31/17,Transportation Fuels,"https://scholar.google.com/scholar?start=10&q=%22Goran+Jovanovic%22+%2B+%22oregon%22+state++%2B+methane&hl=en&as_sdt=0,31&as_ylo=2014",,,Bioreactor Using Ultra-Thin Plates,Persist,https://patents.google.com/patent/US20180258381A1/en
REMOTE,https://drive.google.com/open?id=1A8xC-mdh5w_TR3FbXFZUdjCaYoQVuxZQ ,https://arpa-e.energy.gov/?q=arpa-e-programs/remote,Pennsylvania State University (Penn State),ALUMNI,Non-profit,1/1/14,6/30/17,Transportation Fuels,https://patents.google.com/patent/US20150147791A1/en,https://scholar.google.com/citations?hl=en&user=l3M1PW0AAAAJ&view_op=list_works&sortby=pubdate,https://scholar.google.com/citations?hl=en&user=5lBWbGkAAAAJ&view_op=list_works&sortby=pubdate#d=gs_md_cita-d&u=%2Fcitations%3Fview_op%3Dview_citation%26hl%3Den%26user%3D5lBWbGkAAAAJ%26cstart%3D20%26pagesize%3D80%26sortby%3Dpubdate%26citation_for_view%3D5lBWbGkAAAAJ%3AYTuZlYwrTOUC%26tzom%3D240,Methane-to-Acetate,Perish,Nothing published by any of the three patent authors on the subject since the end of the ARPA-E grant
REMOTE,https://drive.google.com/open?id=1A8xC-mdh5w_TR3FbXFZUdjCaYoQVuxZQ ,https://arpa-e.energy.gov/?q=arpa-e-programs/remote,"University of California, Davis (UC Davis)",ALUMNI,Non-profit,1/7/14,9/30/17,Transportation Fuels,https://patents.google.com/patent/US20170137846A1/en,,,Ethylene-to-Butanol,Persist,
REMOTE,https://drive.google.com/open?id=1A8xC-mdh5w_TR3FbXFZUdjCaYoQVuxZQ ,https://arpa-e.energy.gov/?q=arpa-e-programs/remote,"University of California, Los Angeles (UCLA)",ALUMNI,Non-profit,1/1/14,6/30/17,Transportation Fuels,http://newsroom.ucla.edu/releases/new-method-for-methanol-processing-could-reduce-carbon-dioxide-emissions,,,Synthetic Pathway for Methanol Conversion,Persist,https://www.nature.com/articles/s41467-018-06496-4
REMOTE,https://drive.google.com/open?id=1A8xC-mdh5w_TR3FbXFZUdjCaYoQVuxZQ ,https://arpa-e.energy.gov/?q=arpa-e-programs/remote,University of Michigan,ALUMNI,Non-profit,1/23/14,3/6/17,Transportation Fuels,https://www.pnnl.gov/science/highlights/highlight.asp?id=4308,,,Methane-to-Methanol,Pivot,"They work on methane production, but not methanol synthesis. Now doing more fundamental research. "
REMOTE,https://drive.google.com/open?id=1A8xC-mdh5w_TR3FbXFZUdjCaYoQVuxZQ ,https://arpa-e.energy.gov/?q=arpa-e-programs/remote,Coskata,CANCELLED,For-profit,1/15/14,6/13/14,Transportation Fuels,"https://en.wikipedia.org/wiki/Coskata,_Inc.",,,Methanol Fermentation in Clostridium Bacteri,Pivot,https://www.globalsyngas.org/uploads/downloads/Synata-Bio_Company_Overview.pdf
TERRA,https://drive.google.com/open?id=1Ft05Ve0AlKYt-1U0N5Rs7yCiO5yafZGX ,https://arpa-e.energy.gov/?q=arpa-e-programs/terra,Texas A&M University,ALUMNI,Non-profit,10/1/15,10/31/18,Transportation Fuels,,,,Automated TERRA Phenotyping System,Persist,https://www.sciencedirect.com/science/article/abs/pii/S0924271618303502
TRANSNET,https://drive.google.com/open?id=1kQmY2IeoRn36F2Gvt0wBjtr249scdBSh ,https://arpa-e.energy.gov/?q=arpa-e-programs/transnet,Georgia Tech Research Corporation,ALUMNI,Non-profit,1/6/16,8/15/18,Transportation Network,,,,Network Performance Monitoring and Distributed Simulation,Persist,https://scholar.google.com/citations?hl=en&user=LRMzl7IAAAAJ&view_op=list_works&sortby=pubdate
TRANSNET,https://drive.google.com/open?id=1kQmY2IeoRn36F2Gvt0wBjtr249scdBSh ,https://arpa-e.energy.gov/?q=arpa-e-programs/transnet,Massachusetts Institute of Technology (MIT),ALUMNI,Non-profit,12/11/15,9/10/18,Transportation Network,http://web.mit.edu/cami/Public/CLA_Tripod_TRB_2018_preprint.pdf,,,"Sustainable Travel Incentives with Prediction, Optimization and Personalization (TRIPOD)",Persist,
TRANSNET,https://drive.google.com/open?id=1kQmY2IeoRn36F2Gvt0wBjtr249scdBSh ,https://arpa-e.energy.gov/?q=arpa-e-programs/transnet,National Renewable Energy Laboratory (NREL),ALUMNI,Non-profit,1/20/16,12/31/18,Transportation Network,https://ipeec.org/upload/publication_related_language/pdf/811.pdf,,,The Connected Traveler: A Framework to Reduce Energy Use in Transportation,Persist,https://www.youtube.com/watch?v=c2htGVjqv7w
TRANSNET,https://drive.google.com/open?id=1kQmY2IeoRn36F2Gvt0wBjtr249scdBSh ,https://arpa-e.energy.gov/?q=arpa-e-programs/transnet,Palo Alto Research Center (PARC),ALUMNI,For-profit,12/28/15,7/27/18,Transportation Network,https://dl.acm.org/citation.cfm?id=3314271,,,Collaborative Optimization and Planning for Transportation Energy Reduction (COPTER),Persist,
TRANSNET,https://drive.google.com/open?id=1kQmY2IeoRn36F2Gvt0wBjtr249scdBSh ,https://arpa-e.energy.gov/?q=arpa-e-programs/transnet,University of Maryland (UMD),ALUMNI,Non-profit,11/23/15,8/30/18,Transportation Network,https://arpa-e.energy.gov/sites/default/files/UMD-TRANSNET-May1.pdf,,,Traveler Information and Incentive Technology,Persist,