Total project count,To-do list,Program,Program FOA,Program Website,Companies,Status,Recipient Type,Start Date,End Date,Tech Category,Website(s),,,Tagline,Outcome,Comments,,,,,,,,
1,0,OPEN 2009,https://drive.google.com/file/d/1_gC6c6bd0MqD8Bb7Jbqst05DcyEK3sM7/view?usp=sharing ,https://arpa-e.energy.gov/?q=arpa-e-programs/open-2009,1366 Technologies,ALUMNI,For-profit,3/1/2010,6/30/2012,Distributed Generation,http://1366tech.com/,http://1366tech.com/2019/02/26/1366-technologies-and-hanwha-q-cells-partner-on-worlds-first-factory-to-feature-direct-wafer-manufacturing-process/,,Cost-Effective Silicon Wafers for Solar Cells,Pivot,,,,,,,,,
1,0,OPEN 2009,https://drive.google.com/file/d/1_gC6c6bd0MqD8Bb7Jbqst05DcyEK3sM7/view?usp=sharing ,https://arpa-e.energy.gov/?q=arpa-e-programs/open-2009,FloDesign Wind Turbine,ALUMNI,For-profit,2/22/2010,3/31/2013,Distributed Generation,Website doesn't work,https://www.bostonglobe.com/business/2017/05/05/deer-island-odd-looking-turbine-testament-failure/GJAe7yEYz1or8QGO07M95O/story.html,,Mixer-Ejector Wind Turbine,Perish,,,,,,,,,
1,0,OPEN 2009,https://drive.google.com/file/d/1_gC6c6bd0MqD8Bb7Jbqst05DcyEK3sM7/view?usp=sharing ,https://arpa-e.energy.gov/?q=arpa-e-programs/open-2009,Makani Power,ALUMNI,For-profit,9/1/2010,10/16/2013,Distributed Generation,https://makanipower.com/,,,Airborne Wind Turbine,Persist,,,,,,,,,
1,0,OPEN 2009,https://drive.google.com/file/d/1_gC6c6bd0MqD8Bb7Jbqst05DcyEK3sM7/view?usp=sharing ,https://arpa-e.energy.gov/?q=arpa-e-programs/open-2009,Michigan State University (MSU),ALUMNI,Non-profit,1/14/2010,9/30/2013,Distributed Generation,https://scholar.google.com/citations?hl=en&user=9vENwLIAAAAJ&view_op=list_works&sortby=pubdate#d=gs_md_cita-d&u=%2Fcitations%3Fview_op%3Dview_citation%26hl%3Den%26user%3D9vENwLIAAAAJ%26cstart%3D20%26pagesize%3D80%26sortby%3Dpubdate%26citation_for_view%3D9vENwLIAAAAJ%3Ak_IJM867U9cC%26tzom%3D240,https://en.wikipedia.org/wiki/Wave_disk_engine#cite_note-8,,Shockwave Engine,Perish,? Hasn't published anything on it since 2013. NSF i-Corps and then blank so assuming perish,,,,,,,,
1,0,OPEN 2009,https://drive.google.com/file/d/1_gC6c6bd0MqD8Bb7Jbqst05DcyEK3sM7/view?usp=sharing ,https://arpa-e.energy.gov/?q=arpa-e-programs/open-2009,Teledyne Scientific & Imaging,ALUMNI,For-profit,10/1/2010,4/19/2013,Distributed Generation,http://www.teledyne-si.com/business-units/teledyne-scientific-company,,,Efficient Solar Concentrators,Perish,Not listed on their website,,,,,,,,
1,0,OPEN 2009,https://drive.google.com/file/d/1_gC6c6bd0MqD8Bb7Jbqst05DcyEK3sM7/view?usp=sharing ,https://arpa-e.energy.gov/?q=arpa-e-programs/open-2009,University of Delaware (UD),ALUMNI,Non-profit,2/15/2012,12/31/2014,Distributed Generation,http://yan.cbe.udel.edu/research.php,,,Affordable Hydrogen Fuel Cell Vehicles,Perish,"Pivot to flow batteries OPEN 2012, so fuel cell perish?",,,,,,,,
1,0,OPEN 2009,https://drive.google.com/file/d/1_gC6c6bd0MqD8Bb7Jbqst05DcyEK3sM7/view?usp=sharing ,https://arpa-e.energy.gov/?q=arpa-e-programs/open-2009,Kohana Technologies,CANCELLED,For-profit,3/8/2013,10/1/2017,Distributed Generation,http://www.kohanatech.com/,https://arc.aiaa.org/doi/abs/10.2514/6.2018-3825,,Dynamically Adjustable Wind Turbine Blades,Persist,,,,,,,,,
1,0,OPEN 2012,https://drive.google.com/open?id=11ZzOee8woyMAKrGeWGYXkFbi7WwS-d15 ,https://arpa-e.energy.gov/?q=arpa-e-programs/open-2012,Brown University,ALUMNI,Non-profit,3/20/2013,5/31/2017,Distributed Generation,https://sites.google.com/a/brown.edu/this-be-a-lab/research,https://arpa-e.energy.gov/sites/default/files/documents/files/Brown_OPEN2012_ExternalProjectImpactSheet_01272017_FINAL.pdf,,Customized Tidal Power Conversion Devices,Persist,,,,,,,,,
1,0,OPEN 2012,https://drive.google.com/open?id=11ZzOee8woyMAKrGeWGYXkFbi7WwS-d15 ,https://arpa-e.energy.gov/?q=arpa-e-programs/open-2012,California Institute of Technology (Caltech),ALUMNI,Non-profit,3/28/2013,9/27/2016,Distributed Generation,https://daedalus.caltech.edu/,https://www.spectrolab.com/photovoltaics.html,https://daedalus.caltech.edu/files/2018/12/The-Polyhedral-Specular-Reflector.pdf,Improving Solar Generation Efficiency with Solar Modules,Persist,,,,,,,,,
1,0,OPEN 2012,https://drive.google.com/open?id=11ZzOee8woyMAKrGeWGYXkFbi7WwS-d15 ,https://arpa-e.energy.gov/?q=arpa-e-programs/open-2012,Georgia Tech Research Corporation,ALUMNI,Non-profit,4/17/2013,10/17/2016,Distributed Generation,https://industry.gatech.edu/technology/thermophotovoltaics-storage,http://meche.mit.edu/people/faculty/ase@mit.edu,,High-Efficiency Solar Fuel Reactor,Persist,,,,,,,,,
1,0,OPEN 2012,https://drive.google.com/open?id=11ZzOee8woyMAKrGeWGYXkFbi7WwS-d15 ,https://arpa-e.energy.gov/?q=arpa-e-programs/open-2012,Georgia Tech Research Corporation,ALUMNI,Non-profit,5/3/2013,9/30/2016,Distributed Generation,http://www.fmrl.gatech.edu/drupal/projects/solarvortex,https://industry.gatech.edu/technology/method-converting-solar-and-waste-heat-usable-energy,,Power Generation Using Solar-Heated Ground Air,Persist,Seems like PI still actively doing research,,,,,,,,
1,0,OPEN 2012,https://drive.google.com/open?id=11ZzOee8woyMAKrGeWGYXkFbi7WwS-d15 ,https://arpa-e.energy.gov/?q=arpa-e-programs/open-2012,Glint Photonics,ALUMNI,For-profit,4/1/2013,3/31/2017,Distributed Generation,https://www.glintphotonics.com/,https://arpa-e.energy.gov/?q=slick-sheet-project/self-tracking-concentrator-photovoltaics,,Self-Tracking Concentrator Photovoltaics,Persist,,,,,,,,,
1,0,OPEN 2012,https://drive.google.com/open?id=11ZzOee8woyMAKrGeWGYXkFbi7WwS-d15 ,https://arpa-e.energy.gov/?q=arpa-e-programs/open-2012,Integral Consulting,ALUMNI,For-profit,4/5/2013,8/31/2017,Distributed Generation,https://www.integral-corp.com/,https://arpa-e.energy.gov/sites/default/files/documents/files/Integral_OPEN2012_ExternalProjectImpactSheet_FINAL.pdf,https://www.sofarocean.com/products/spotter,Measuring Real-Time Wave Data with Ocean Wave Buoy,Persist,,,,,,,,,
1,0,OPEN 2012,https://drive.google.com/open?id=11ZzOee8woyMAKrGeWGYXkFbi7WwS-d15 ,https://arpa-e.energy.gov/?q=arpa-e-programs/open-2012,National Renewable Energy Laboratory (NREL),ALUMNI,Non-profit,2/1/2013,12/30/2018,Distributed Generation,https://www.sciencedirect.com/science/article/pii/S1876610214006092,https://www.energy.gov/sites/prod/files/2014/01/f7/csp_review_meeting_042313_ginley.pdf,https://www.nrel.gov/news/press/2017/nrel_research_yields_significant_thermoelectric_performance.html,Solar Thermoelectric Generator,Persist,,,,,,,,,
1,0,OPEN 2012,https://drive.google.com/open?id=11ZzOee8woyMAKrGeWGYXkFbi7WwS-d15 ,https://arpa-e.energy.gov/?q=arpa-e-programs/open-2012,Otherlab,ALUMNI,For-profit,2/19/2013,9/30/2017,Distributed Generation,https://arpa-e.energy.gov/sites/default/files/documents/files/Sunfolding_ImpactSheet_FINAL.pdf,,,Small Mirrors for Solar Power Tower Plants,Persist,,,,,,,,,
1,0,OPEN 2012,https://drive.google.com/open?id=11ZzOee8woyMAKrGeWGYXkFbi7WwS-d15 ,https://arpa-e.energy.gov/?q=arpa-e-programs/open-2012,Pratt & Whitney Rocketdyne (PWR),ALUMNI,For-profit,6/14/2013,3/15/2015,Distributed Generation,http://www.pw.utc.com/,https://www.sciencedirect.com/science/article/pii/S1000936115002356,,Continuous Detonation Engine Combustors,Perish,Patents expired,,,,,,,,
1,0,OPEN 2012,https://drive.google.com/open?id=11ZzOee8woyMAKrGeWGYXkFbi7WwS-d15 ,https://arpa-e.energy.gov/?q=arpa-e-programs/open-2012,Texas Engineering Experiment Station (TEES),ALUMNI,Non-profit,4/1/2013,9/30/2015,Distributed Generation,https://tees.tamu.edu/,,,Electricity from Low-Temperature Waste Heat,Pivot,"Partner company bought out, doesn't seem to be continued",,,,,,,,
1,0,OPEN 2012,https://drive.google.com/open?id=11ZzOee8woyMAKrGeWGYXkFbi7WwS-d15 ,https://arpa-e.energy.gov/?q=arpa-e-programs/open-2012,General Electric (GE) Power & Water,CANCELLED,For-profit,5/1/2013,12/31/2014,Distributed Generation,https://patents.google.com/patent/US9188102B2/en,,,Fabric-Based Wind Turbine Blades,Perish,,,,,,,,,
1,0,OPEN 2012,https://drive.google.com/open?id=11ZzOee8woyMAKrGeWGYXkFbi7WwS-d15 ,https://arpa-e.energy.gov/?q=arpa-e-programs/open-2012,MicroLink Devices,CANCELLED,For-profit,3/20/2013,9/1/2015,Distributed Generation,http://www.mldevices.com/,,,High-Efficiency Solar Cells,Persist,OPEN-2015,,,,,,,,
1,0,OPEN 2012,https://drive.google.com/open?id=11ZzOee8woyMAKrGeWGYXkFbi7WwS-d15 ,https://arpa-e.energy.gov/?q=arpa-e-programs/open-2012,"University of California, Santa Cruz (UC Santa Cruz)",CANCELLED,Non-profit,5/1/2013,12/31/2014,Distributed Generation,https://scholar.google.com/citations?hl=en&user=UE0CVaMAAAAJ&view_op=list_works&sortby=pubdate,,,Efficient Collection of Concentrated Solar,Persist,Still publishing,,,,,,,,
1,0,OPEN 2015,https://drive.google.com/open?id=1WJSH11x-Vav4FOWStJvpj7rF-wrYDpSe ,https://arpa-e.energy.gov/?q=arpa-e-programs/open-2015,Cummins Corporate Research & Technology,ALUMNI,For-profit,2/9/2016,8/8/2018,Distributed Generation,https://www.cumminswestport.com/models/isx12n,https://www.nrel.gov/news/press/2019/nrel-announces-new-projects-to-advance-medium-and-heavy-duty-natural-gas-vehicle-technologies.html,https://patentimages.storage.googleapis.com/61/57/ae/55bbd9bf9b231f/US9709005.pdf,High-Efficiency Engines,Persist,,,,,,,,,
1,0,OPEN 2015,https://drive.google.com/open?id=1WJSH11x-Vav4FOWStJvpj7rF-wrYDpSe ,https://arpa-e.energy.gov/?q=arpa-e-programs/open-2015,Stanford University,ALUMNI,Non-profit,6/1/2016,12/31/2018,Distributed Generation,https://scholar.google.com/citations?hl=en&user=ABSaf6IAAAAJ&view_op=list_works&sortby=pubdate,,https://www.cyclotronroad.org/spark,High-Efficiency Energy Converters,Persist,,,,,,,,,
1,0,FOCUS,https://drive.google.com/open?id=1WZEvCT9T1V-UWj7qdlJPXJAMrK1-ftkC ,https://arpa-e.energy.gov/?q=arpa-e-programs/focus ,Arizona State University (ASU),ALUMNI,Non-profit,5/30/2014,8/29/2017,Distributed Generation,https://ieeexplore.ieee.org/abstract/document/8366306,https://www.sunvapor.net/research--development.html,https://www.soitec.com/en,High-Temperature Topping Cells from LED Materials,Pivot,Nothing since then... companies seem to be doing other things,,,,,,,,
1,0,FOCUS,https://drive.google.com/open?id=1WZEvCT9T1V-UWj7qdlJPXJAMrK1-ftkC ,https://arpa-e.energy.gov/?q=arpa-e-programs/focus ,Arizona State University (ASU),ALUMNI,Non-profit,6/1/2014,8/31/2017,Distributed Generation,https://holman.engineering.asu.edu/,https://aip.scitation.org/doi/pdf/10.1063/1.4984328?class=pdf,,Solar-Concentrating Photovoltaic Mirror,Pivot,Research group seems to have moved on to different funding,,,,,,,,
1,0,FOCUS,https://drive.google.com/open?id=1WZEvCT9T1V-UWj7qdlJPXJAMrK1-ftkC ,https://arpa-e.energy.gov/?q=arpa-e-programs/focus ,Cogenra Solar,ALUMNI,For-profit,7/10/2014,7/9/2016,Distributed Generation,https://us.sunpower.com/,https://www.greentechmedia.com/articles/read/sunpower-integrates-cogenras-novel-solar-manufacturing-technique#gs.q9oaym,,Hybrid Solar Converter with Light-Filtering Mirror,Pivot,,,,,,,,,
1,0,FOCUS,https://drive.google.com/open?id=1WZEvCT9T1V-UWj7qdlJPXJAMrK1-ftkC ,https://arpa-e.energy.gov/?q=arpa-e-programs/focus ,Gas Technology Institute (GTI),ALUMNI,Non-profit,5/13/2014,1/31/2018,Distributed Generation,https://www.gti.energy/simultaneously-generating-electricity-and-storable-heat-with-a-hybrid-solar-energy-system/,https://news.ucmerced.edu/news/2019/uc-solar-projects-bringing-lower-costs-renewable-energy-industry-commerce-and-homes,,Double-Reflector Hybrid Solar Energy System,Persist,,,,,,,,,
1,0,FOCUS,https://drive.google.com/open?id=1WZEvCT9T1V-UWj7qdlJPXJAMrK1-ftkC ,https://arpa-e.energy.gov/?q=arpa-e-programs/focus ,General Electric (GE) Global Research,ALUMNI,For-profit,8/1/2014,12/31/2018,Distributed Generation,https://www.osti.gov/servlets/purl/1373211,http://gasturbinespower.asmedigitalcollection.asme.org/article.aspx?articleid=2714573,https://www.energy.gov/eere/solar/project-profile-general-electric-ge-global-research,Electrochemical Energy Storage with a Supercritical CO2 Cycle,Persist,,,,,,,,,
1,0,FOCUS,https://drive.google.com/open?id=1WZEvCT9T1V-UWj7qdlJPXJAMrK1-ftkC ,https://arpa-e.energy.gov/?q=arpa-e-programs/focus ,Massachusetts Institute of Technology (MIT),ALUMNI,Non-profit,6/17/2014,9/16/2017,Distributed Generation,https://www.sciencedirect.com/science/article/pii/S2542435118300552#fig1,https://patents.google.com/patent/US20190100439A1/en?inventor=Gang+Chen&assignee=Massachusetts+Inst+Technology&after=priority:20140101,,Stacked Hybrid Solar Converter,Persist,Recent publications,,,,,,,,
1,0,FOCUS,https://drive.google.com/open?id=1WZEvCT9T1V-UWj7qdlJPXJAMrK1-ftkC ,https://arpa-e.energy.gov/?q=arpa-e-programs/focus ,Massachusetts Institute of Technology (MIT),ALUMNI,Non-profit,5/15/2014,7/31/2015,Distributed Generation,https://www.sciencedirect.com/science/article/pii/S0022024816300379,https://scholar.google.com.sg/citations?hl=en&user=Mn1-cq8AAAAJ&view_op=list_works&sortby=pubdate,https://www.osapublishing.org/prj/abstract.cfm?uri=prj-6-4-290,Low-Cost Hetero-Epitaxial Solar Cell for Hybrid Converter,Persist,,,,,,,,,
1,0,FOCUS,https://drive.google.com/open?id=1WZEvCT9T1V-UWj7qdlJPXJAMrK1-ftkC ,https://arpa-e.energy.gov/?q=arpa-e-programs/focus ,Tulane University,ALUMNI,Non-profit,8/1/2014,9/30/2018,Distributed Generation,https://reader.elsevier.com/reader/sd/pii/S0306261917313041?token=B3F5049677F69AB49C760F0D24D06EAC8FDE00FEDD23E0C40EC700C9D20EF0C1DFA57CA13CCB04DB823F783566F9017E,http://escarra.tulane.edu/project/hybrid-solar-converter-with-integrated-thermal-storage-focus/,,Hybrid Solar Converter,Persist,Patent Application in 2018,,,,,,,,
1,0,FOCUS,https://drive.google.com/open?id=1WZEvCT9T1V-UWj7qdlJPXJAMrK1-ftkC ,https://arpa-e.energy.gov/?q=arpa-e-programs/focus ,University of Arizona,ALUMNI,Non-profit,8/11/2017,8/10/2018,Distributed Generation,http://dwpenergysolutions.com/wordpress/information-center/news-blog/,https://www.osapublishing.org/view_article.cfm?gotourl=https%3A%2F%2Fwww%2Eosapublishing%2Eorg%2FDirectPDFAccess%2FD73CDDB9%2D976B%2D579D%2DEAE2AF6A3C40523D%5F376387%2FOSE%2D2017%2DRW3B%2E6%2Epdf%3Fda%3D1%26id%3D376387%26uri%3DOSE%2D2017%2DRW3B%2E6%26seq%3D0%26mobile%3Dno&org=Princeton%20University%20Library,,Partially Transmitting Mirror,Persist,DWP seems to be working on the same thing,,,,,,,,
1,0,FOCUS,https://drive.google.com/open?id=1WZEvCT9T1V-UWj7qdlJPXJAMrK1-ftkC ,https://arpa-e.energy.gov/?q=arpa-e-programs/focus ,University of Tulsa,ALUMNI,Non-profit,5/15/2014,2/14/2017,Distributed Generation,https://engineering.utulsa.edu/arpae-research-2017/,https://www.greentechmedia.com/articles/read/sunpower-integrates-cogenras-novel-solar-manufacturing-technique#gs.ydwxxl,,Liquid Filter with Plasmonic Nanoparticles,Persist,"Still publishing, see entry below",,,,,,,,
1,0,FOCUS,https://drive.google.com/open?id=1WZEvCT9T1V-UWj7qdlJPXJAMrK1-ftkC ,https://arpa-e.energy.gov/?q=arpa-e-programs/focus ,University of Tulsa,ALUMNI,Non-profit,11/7/2016,12/31/2018,Distributed Generation,https://www.sciencedirect.com/science/article/pii/S0960148118300259,https://www.sciencedirect.com/science/article/pii/S0960148119309206,https://aip.scitation.org/doi/pdf/10.1063/1.5117680?class=pdf,Hybrid Solar Converter with Light-Filtering Mirror,Persist,,,,,,,,,
1,0,FOCUS,https://drive.google.com/open?id=1WZEvCT9T1V-UWj7qdlJPXJAMrK1-ftkC ,https://arpa-e.energy.gov/?q=arpa-e-programs/focus ,Yale University,ALUMNI,Non-profit,7/15/2014,12/31/2017,Distributed Generation,https://aip.scitation.org/doi/pdf/10.1063/1.5001429?class=pdf,,,High-Temperature Dual-Junction Topping Cells,Pivot,Hasn't published anything on it since 2017,,,,,,,,
1,0,FOCUS,https://drive.google.com/open?id=1WZEvCT9T1V-UWj7qdlJPXJAMrK1-ftkC ,https://arpa-e.energy.gov/?q=arpa-e-programs/focus ,MicroLink Devices,CANCELLED,For-profit,6/11/2014,8/4/2016,Distributed Generation,http://www.mldevices.com/index.php/news,,,Dual-Junction Photovoltaic Topping Device for High-Temp Operation,Persist,News seems to be based on epi technology,,,,,,,,
1,0,FOCUS,https://drive.google.com/open?id=1WZEvCT9T1V-UWj7qdlJPXJAMrK1-ftkC ,https://arpa-e.energy.gov/?q=arpa-e-programs/focus ,Northrop Grumman Aerospace Systems,CANCELLED,For-profit,6/15/2014,8/4/2016,Distributed Generation,https://arpa-e.energy.gov/sites/default/files/FOCUS_Project_Presentations_combined-Tuesday.pdf,https://proceedings.asmedigitalcollection.asme.org/proceeding.aspx?articleid=2467410,https://ieeexplore.ieee.org/stamp/stamp.jsp?tp=&arnumber=7749658,Thermo-Acoustic Hybrid Solar Energy System,Perish,Nothing since 2017,,,,,,,,
1,0,GENSETS,https://drive.google.com/open?id=1bC7Y7D6SXo-2czrpMnER5ah8Nmz86ICI ,https://arpa-e.energy.gov/?q=arpa-e-programs/gensets,Aerodyne Research,ALUMNI,For-profit,11/1/2015,12/31/2018,Distributed Generation,https://journals.sagepub.com/doi/abs/10.1177/1468087418800612,https://arpa-e.energy.gov/sites/default/files/12_ARI%20PowerPoint%20template%20GENSETS_v4_public.pdf,https://patentimages.storage.googleapis.com/10/2f/55/40c351d81ba6be/US9574556.pdf,Single-Cylinder Two-Stroke Free-Piston Internal Combustion Generator,Persist,Still publishing,,,,,,,,
1,0,GENSETS,https://drive.google.com/open?id=1bC7Y7D6SXo-2czrpMnER5ah8Nmz86ICI ,https://arpa-e.energy.gov/?q=arpa-e-programs/gensets,Brayton Energy,ALUMNI,For-profit,11/9/2015,11/8/2018,Distributed Generation,https://www.braytonenergy.net/our-projects/2-kw-recuperated-brayton/,,,1kW Recuperated Brayton-Cycle Engine,Persist,Selling,,,,,,,,
1,0,GENSETS,https://drive.google.com/open?id=1bC7Y7D6SXo-2czrpMnER5ah8Nmz86ICI ,https://arpa-e.energy.gov/?q=arpa-e-programs/gensets,Metis Design Corporation (MDC),ALUMNI,For-profit,10/22/2015,12/31/2018,Distributed Generation,https://arpa-e.energy.gov/sites/default/files/6_GENSETS%20workshop%202018%20RCK%20v5.pdf,https://www.sbir.gov/sbc/metis-design-corporation?page=2,,Advanced Microturbine Engine for Residential CHP,Persist,Patent just granted,,,,,,,,
1,0,GENSETS,https://drive.google.com/open?id=1bC7Y7D6SXo-2czrpMnER5ah8Nmz86ICI ,https://arpa-e.energy.gov/?q=arpa-e-programs/gensets,NanoConversion Technologies,CANCELLED,,11/16/2015,12/2/2016,Distributed Generation,Webiste doesn't work,,,High-Efficiency Thermoelectric CHP,Perish,"VP of Product Engineering went to ""Independent Consulting"" in 2016",,,,,,,,
1,0,HEATS,https://drive.google.com/open?id=1ZDDQhmKxpgy0gCLGMfGzMoF5yJCe2NWI ,https://arpa-e.energy.gov/?q=arpa-e-programs/heats,University of Florida,ALUMNI,Non-profit,12/19/2011,7/15/2016,Distributed Generation,http://www.solarfuelllc.com/,https://patents.google.com/patent/US20160122670A1/en,,Solar Thermochemical Fuel Production,Pivot,"Patent just granted, but no publications since 2016",,,,,,,,
1,0,IDEAS,https://drive.google.com/open?id=1A8u4oPAB431zgUzwqNS9vZSoChhWbBwl ,https://arpa-e.energy.gov/?q=arpa-e-programs/ideas,Columbia University,ALUMNI,Non-profit,6/10/2016,9/9/2017,Distributed Generation,https://pubs.acs.org/doi/pdf/10.1021/acsnano.6b08597?rand=xgk6j6yq,,,Integrated Power Adapter,Persist,Still active research,,,,,,,,
1,0,IDEAS,https://drive.google.com/open?id=1A8u4oPAB431zgUzwqNS9vZSoChhWbBwl ,https://arpa-e.energy.gov/?q=arpa-e-programs/ideas,Cree Fayetteville,ALUMNI,For-profit,2/3/2017,2/2/2018,Distributed Generation,https://mrsfall2018.zerista.com/event/member/533200,http://www.femtosci.com/applications,,Diamond Capacitors for Power Electronics,Persist,Company still active,,,,,,,,
1,0,IDEAS,https://drive.google.com/open?id=1A8u4oPAB431zgUzwqNS9vZSoChhWbBwl ,https://arpa-e.energy.gov/?q=arpa-e-programs/ideas,GeneSiC Semiconductor,ALUMNI,For-profit,12/20/2016,9/19/2018,Distributed Generation,https://scholar.google.com/citations?hl=en&user=1q52F_QAAAAJ&view_op=list_works&sortby=pubdate,https://www.genesicsemi.com/home/news/,,Novel Gallium Nitride Transistors,Pivot,No more publications from project contact on project,,,,,,,,
1,0,IDEAS,https://drive.google.com/open?id=1A8u4oPAB431zgUzwqNS9vZSoChhWbBwl ,https://arpa-e.energy.gov/?q=arpa-e-programs/ideas,George Washington University (GWU),ALUMNI,Non-profit,8/2/2017,11/16/2018,Distributed Generation,https://scholar.google.com/citations?hl=en&user=cFbKdMEAAAAJ&view_op=list_works&sortby=pubdate,,,Transfer Printed Virtual Substrates,Persist,Recent publication citing initial publication,,,,,,,,
1,0,IDEAS,https://drive.google.com/open?id=1A8u4oPAB431zgUzwqNS9vZSoChhWbBwl ,https://arpa-e.energy.gov/?q=arpa-e-programs/ideas,Northeastern University,ALUMNI,Non-profit,12/6/2016,12/5/2017,Distributed Generation,https://arpa-e.energy.gov/?q=slick-sheet-project/universal-converter-ac-systems,,,Power Converter for Photovoltaic Applications,Persist,New ARPA-E grant,,,,,,,,
1,0,IDEAS,https://drive.google.com/open?id=1A8u4oPAB431zgUzwqNS9vZSoChhWbBwl ,https://arpa-e.energy.gov/?q=arpa-e-programs/ideas,Oregon State University (OSU),ALUMNI,Non-profit,7/15/2014,7/31/2016,Distributed Generation,https://scholar.google.com/citations?hl=en&user=z0RKL14AAAAJ&view_op=list_works&sortby=pubdate,,,Home Generator Benchmarking Program,Persist,Still publishing benchmarks,,,,,,,,
1,0,IDEAS,https://drive.google.com/open?id=1A8u4oPAB431zgUzwqNS9vZSoChhWbBwl ,https://arpa-e.energy.gov/?q=arpa-e-programs/ideas,Tandem PV,ALUMNI,For-profit,10/31/2017,12/15/2018,Distributed Generation,https://www.tandempv.com/#technology,https://www.greentechmedia.com/articles/read/tandem-pv-secures-a-rare-fund-raise-for-perovskite-solar#gs.wtnqkk,,Unlock Perovskite Photovoltaics,Persist,Company still active,,,,,,,,
1,0,IDEAS,https://drive.google.com/open?id=1A8u4oPAB431zgUzwqNS9vZSoChhWbBwl ,https://arpa-e.energy.gov/?q=arpa-e-programs/ideas,Saint-Gobain Ceramics & Plastics,ALUMNI,For-Profit,1/19/2016,4/30/2017,Distributed Generation,https://www.ceramicsrefractories.saint-gobain.com/search?cat=other&query=arpa-e,,,High Temperature Ceramics for Solar Fuel Production,Persist,Company seems to be selling coating now,,,,,,,,
1,0,IDEAS,https://drive.google.com/open?id=1A8u4oPAB431zgUzwqNS9vZSoChhWbBwl ,https://arpa-e.energy.gov/?q=arpa-e-programs/ideas,Sandia National Laboratories,ALUMNI,Non-profit,12/21/2016,12/20/2017,Distributed Generation,https://www.osti.gov/servlets/purl/1529754,,,High Gain Step-Up Converters,Persist,"? Publications in 2018, nothing since then",,,,,,,,
1,0,IDEAS,https://drive.google.com/open?id=1A8u4oPAB431zgUzwqNS9vZSoChhWbBwl ,https://arpa-e.energy.gov/?q=arpa-e-programs/ideas,University of Michigan,ALUMNI,Non-profit,1/1/2015,3/31/2016,Distributed Generation,https://patents.google.com/patent/US20180195203A1/en,http://ma.ecsdl.org/content/MA2016-02/20/1590.short,,Benchtop Growth of High Quality Thin Film Photovoltaics,Persist,"Patent flied, publications from 2018, but project contact seems to still be publishing related articles",,,,,,,,
1,0,MOSAIC,https://drive.google.com/open?id=1LV-gHN5GD-t_zhZ3tg6mGHjSz4NkWRM3 ,https://arpa-e.energy.gov/?q=arpa-e-programs/mosaic,Texas Engineering Experiment Station (TEES),ALUMNI,Non-profit,2/1/2016,12/31/2018,Distributed Generation,https://scholar.google.com/citations?user=-qAqFAcAAAAJ&hl=en,,,Waveguiding Solar Concentrator,Persist,Publication this year,,,,,,,,
1,0,REBELS,https://drive.google.com/open?id=10Aj-x4GNKeMiNFQyEktA_mC37DLRCj35 ,https://arpa-e.energy.gov/?q=arpa-e-programs/rebels,Argonne National Laboratory,ALUMNI,Non-profit,10/1/2014,3/31/2017,Distributed Generation,https://publications.anl.gov/anlpubs/2017/12/140576.pdf,,,Electricity and Liquid Fuels from Natural Gas,Persist,Patent filed this year,,,,,,,,
1,0,REBELS,https://drive.google.com/open?id=10Aj-x4GNKeMiNFQyEktA_mC37DLRCj35 ,https://arpa-e.energy.gov/?q=arpa-e-programs/rebels,Georgia Tech Research Corporation,ALUMNI,Non-profit,10/1/2014,9/30/2018,Distributed Generation,http://fcbt.mse.gatech.edu/liu.htm,,,Fuel Cell Tailored for Efficient Utilization of Methane,Pivot,Pivot to hydrogen instead of methane,,,,,,,,
1,0,REBELS,https://drive.google.com/open?id=10Aj-x4GNKeMiNFQyEktA_mC37DLRCj35 ,https://arpa-e.energy.gov/?q=arpa-e-programs/rebels,Oak Ridge National Laboratory (ORNL),ALUMNI,Non-profit,10/1/2014,10/7/2017,Distributed Generation,https://www.sciencedirect.com/science/article/pii/S0378775318302544,http://ma.ecsdl.org/content/MA2017-01/7/622.short,https://www.netl.doe.gov/sites/default/files/event-proceedings/2017/sofc%20proceedings/tuesday/Zawodzinski.pdf,Nanocomposite Electrodes for a Solid Acid Fuel Cell Stack,Persist,,,,,,,,,
1,0,REBELS,https://drive.google.com/open?id=10Aj-x4GNKeMiNFQyEktA_mC37DLRCj35 ,https://arpa-e.energy.gov/?q=arpa-e-programs/rebels,Redox Power Systems,ALUMNI,For-profit,10/1/2014,3/31/2018,Distributed Generation,https://www.bizjournals.com/washington/news/2019/02/25/fuel-cell-company-redox-clears-major-hurdles-in.html,,,Low-Temperature Solid Oxide Fuel Cells,Perish,Company died,,,,,,,,
1,0,REBELS,https://drive.google.com/open?id=10Aj-x4GNKeMiNFQyEktA_mC37DLRCj35 ,https://arpa-e.energy.gov/?q=arpa-e-programs/rebels,SAFCell,ALUMNI,For-profit,10/1/2014,6/30/2018,Distributed Generation,http://www.safcell.com/news/2015/5/6/safcell-selected-for-37-million-arpa-e-award,,,Solid Acid Fuel Cell Stack,Persist,,,,,,,,,
1,0,REBELS,https://drive.google.com/open?id=10Aj-x4GNKeMiNFQyEktA_mC37DLRCj35 ,https://arpa-e.energy.gov/?q=arpa-e-programs/rebels,United Technologies Research Center (UTRC),ALUMNI,For-profit,10/1/2014,3/19/2018,Distributed Generation,https://www.netl.doe.gov/sites/default/files/event-proceedings/2017/sofc%20proceedings/tuesday/Zhu.pdf,https://patents.google.com/patent/US20160359185A1/en,https://pubs.rsc.org/en/content/articlehtml/2019/ee/c8ee02865f,Intermediate Temperature Solid Oxide Fuel Cell Stack,Perish,"Recent publications, but patent has been abandoned",,,,,,,,
1,0,REBELS,https://drive.google.com/open?id=10Aj-x4GNKeMiNFQyEktA_mC37DLRCj35 ,https://arpa-e.energy.gov/?q=arpa-e-programs/rebels,"University of California, Los Angeles (UCLA)",ALUMNI,Non-profit,11/1/2014,4/30/2017,Distributed Generation,https://www.sciencedirect.com/science/article/pii/S240582971730483X,http://ecst.ecsdl.org/content/78/1/21.full.pdf+html,,Fuel Cells with Dynamic Response Capability,Persist,,,,,,,,,
1,0,REBELS,https://drive.google.com/open?id=10Aj-x4GNKeMiNFQyEktA_mC37DLRCj35 ,https://arpa-e.energy.gov/?q=arpa-e-programs/rebels,University of South Carolina,ALUMNI,Non-profit,10/1/2014,9/30/2017,Distributed Generation,http://www.huanglabs.com/dr-kevin-huang/,http://ecst.ecsdl.org/content/78/1/21.full.pdf+html,https://www.netl.doe.gov/sites/default/files/event-proceedings/2017/sofc%20proceedings/tuesday/Huang.pdf,Bi-functional Ceramic Fuel Cell Energy System,Pivot,Seems to be working on different fuel cell technology now,,,,,,,,
1,0,REBELS,https://drive.google.com/open?id=10Aj-x4GNKeMiNFQyEktA_mC37DLRCj35 ,https://arpa-e.energy.gov/?q=arpa-e-programs/rebels,FuelCell Energy,CANCELLED,For-profit,10/1/2014,9/30/2017,Distributed Generation,https://seekingalpha.com/news/3477678-fuelcell-warns-potential-bankruptcy-amid-financing-squeeze,,,Liquid Fuels and Electricity from Intermediate-Temperature Fuel Cells,Perish,,,,,,,,,
1,0,REBELS,https://drive.google.com/open?id=10Aj-x4GNKeMiNFQyEktA_mC37DLRCj35 ,https://arpa-e.energy.gov/?q=arpa-e-programs/rebels,"Materials & Systems Research, Inc. (MSRI)",CANCELLED,For-profit,11/1/2014,12/31/2016,Distributed Generation,Website doesn't work,,,Electrogenerative Cells for Flexible Cogeneration of Power and Liquid Fuel,Pivot,Seems to go to ammonium now,,,,,,,,
1,0,REBELS,https://drive.google.com/open?id=10Aj-x4GNKeMiNFQyEktA_mC37DLRCj35 ,https://arpa-e.energy.gov/?q=arpa-e-programs/rebels,Palo Alto Research Center (PARC),CANCELLED,For-profit,10/1/2014,3/15/2016,Distributed Generation,https://scholar.google.com/citations?hl=en&user=W8s6z6sAAAAJ&view_op=list_works&sortby=pubdate,,,Reformer-less Fuel Cell,Perish,,,,,,,,,
1,0,REBELS,https://drive.google.com/open?id=10Aj-x4GNKeMiNFQyEktA_mC37DLRCj35 ,https://arpa-e.energy.gov/?q=arpa-e-programs/rebels,SiEnergy Systems,CANCELLED,For-Profit,9/17/2014,11/20/2015,Distributed Generation,,,,Hybrid Fuel Cell-Battery System,Perish,,,,,,,,,
1,0,Solar ADEPT,https://drive.google.com/open?id=1JD9yoF4VakbbIGwMsEIH2OCmQhZE12pG ,https://arpa-e.energy.gov/?q=arpa-e-programs/solar-adept,Carnegie Mellon University (CMU),ALUMNI,Non-profit,2/27/2012,3/28/2015,Distributed Generation,http://www.andrew.cmu.edu/user/mm7g/,https://patents.google.com/patent/US8665055B2/en,https://www.engineering.pitt.edu/Sub-Sites/Conferences/EPIC/_Documents/2012-Conference-Documents/Monday-Poster-Session/Scioscia---Pitt-EPIC-2012---Poster---ARPA-e_-Solar-ADEPT_pdf/,Magnet Technology for Power Converters,Persist,"DYNAPOWER seems to be selling product, PI still actively researching",,,,,,,,
1,0,Solar ADEPT,https://drive.google.com/open?id=1JD9yoF4VakbbIGwMsEIH2OCmQhZE12pG ,https://arpa-e.energy.gov/?q=arpa-e-programs/solar-adept,Cree,ALUMNI,For-profit,1/25/2012,7/31/2017,Distributed Generation,https://www.cree.com/,https://www.powersystemsdesign.com/articles/sic-poised-to-revolutionize-solar-power-inverters/22/6182,,Utility-Scale Solar Power Converter,Persist,Seems like they're selling this product,,,,,,,,
1,0,Solar ADEPT,https://drive.google.com/open?id=1JD9yoF4VakbbIGwMsEIH2OCmQhZE12pG ,https://arpa-e.energy.gov/?q=arpa-e-programs/solar-adept,Ideal Power,ALUMNI,For-profit,1/30/2012,5/29/2015,Distributed Generation,http://www.idealpower.com/,https://content.equisolve.net/_1a4dd7ea357537155f405e8bd089d913/idealpower/db/109/2046/pdf/IPWR+Company+Presentation+-+December+2018.pdf,,Lightweight PV Inverters,Perish,"Caveat: company still exists, still selling product. but partnered with Aquion, and no big partners in sight now",,,,,,,,
1,0,Solar ADEPT,https://drive.google.com/open?id=1JD9yoF4VakbbIGwMsEIH2OCmQhZE12pG ,https://arpa-e.energy.gov/?q=arpa-e-programs/solar-adept,SolarBridge Technologies,ALUMNI,For-profit,2/23/2012,6/22/2015,Distributed Generation,https://newsroom.sunpower.com/2014-11-10-SunPower-Announces-Acquisition-of-SolarBridge-Technologies-Inc,https://arpa-e.energy.gov/sites/default/files/SolarbridgeTechnologies_SolarADEPT_ExternalImpactSheet_FINAL.pdf,,Efficient Power Converters for PV Arrays,Persist,SunPower still seems to sell,,,,,,,,1
1,0,Solar ADEPT,https://drive.google.com/open?id=1JD9yoF4VakbbIGwMsEIH2OCmQhZE12pG ,https://arpa-e.energy.gov/?q=arpa-e-programs/solar-adept,Transphorm,ALUMNI,For-profit,2/13/2012,3/31/2015,Distributed Generation,https://www.transphormusa.com/en/,,,Efficient Switches for Solar Power Conversion,Persist,Added new product line in June,,,,,,,,
1,0,Solar ADEPT,https://drive.google.com/open?id=1JD9yoF4VakbbIGwMsEIH2OCmQhZE12pG ,https://arpa-e.energy.gov/?q=arpa-e-programs/solar-adept,"University of Colorado, Boulder (CU-Boulder)",ALUMNI,Non-profit,2/9/2012,8/31/2015,Distributed Generation,https://www.colorado.edu/faculty/maksimovic/research,,,Integrated Solar Power Converters,Persist,Still publishing? Company still exists but boughtout,,,,,,,,
1,0,Solar ADEPT,https://drive.google.com/open?id=1JD9yoF4VakbbIGwMsEIH2OCmQhZE12pG ,https://arpa-e.energy.gov/?q=arpa-e-programs/solar-adept,Rutgers University SiCLAB,CANCELLED,Non-profit,12/23/2011,1/20/2013,Distributed Generation,https://www.ece.rutgers.edu/jian-zhao-0,https://www.sciencedirect.com/science/article/pii/S0038110113001998,,New Switches for Utility Scale Inverters,Pivot,Research for this seemed to die out,,,,,,,,
1,0,OPEN 2009,https://drive.google.com/file/d/1_gC6c6bd0MqD8Bb7Jbqst05DcyEK3sM7/view?usp=sharing ,https://arpa-e.energy.gov/?q=arpa-e-programs/open-2009 ,Delphi Automotive Systems,ALUMNI,For-profit,2/1/2010,12/31/2013,Electrical Efficiency,https://www.delphi.com/,,,More Efficient Power Conversion for EVs,Pivot,Now working with CREE on SiC instead of GaN,,,,,,,,
1,0,OPEN 2012,https://drive.google.com/open?id=11ZzOee8woyMAKrGeWGYXkFbi7WwS-d15 ,https://arpa-e.energy.gov/?q=arpa-e-programs/open-2012,Grid Logic,ALUMNI,For-profit,3/5/2013,6/4/2016,Electrical Efficiency,https://www.grid-logic.com/,,,High-Power Superconductors,Pivot,,,,,,,,,
1,0,OPEN 2012,https://drive.google.com/open?id=11ZzOee8woyMAKrGeWGYXkFbi7WwS-d15 ,https://arpa-e.energy.gov/?q=arpa-e-programs/open-2012,National Renewable Energy Laboratory (NREL),ALUMNI,Non-profit,2/1/2013,4/30/2014,Electrical Efficiency,https://directory.science.mq.edu.au/users/1193,https://scholar.google.com/citations?hl=en&user=Qo6BzvoAAAAJ&view_op=list_works&sortby=pubdate,,Efficient Plastic Solar Cells,Pivot,"Still publishing, but I don't think NREL continued this",,,,,,,,
1,0,OPEN 2015,https://drive.google.com/open?id=1WJSH11x-Vav4FOWStJvpj7rF-wrYDpSe ,https://arpa-e.energy.gov/?q=arpa-e-programs/open-2015,Princeton Optronics,ALUMNI,For-profit,2/26/2016,9/30/2017,Electrical Efficiency,https://ams.com/,https://patentimages.storage.googleapis.com/ef/75/1f/469801065caff3/US20170256915A1.pdf,https://www.photonics.com/Articles/AMS_Acquires_Total_Princeton_Shares/a61866,High-Efficiency Data Transfer,Perish,"Patent applicaton is abandoned, company boughtout",,,,,,,,
1,0,ADEPT,https://drive.google.com/open?id=179B0vAxdXHFplvdUjqJXaKsfqHnGEuHR ,https://arpa-e.energy.gov/?q=arpa-e-programs/adept,Arkansas Power Electronics International (APEI),ALUMNI,For-profit,9/14/2010,3/31/2014,Electrical Efficiency,https://arpa-e.energy.gov/?q=slick-sheet-project/powerful-efficient-electric-vehicle-chargers,https://www.cree.com/news-media/news/article/cree-acquires-apei-arkansas-power-electronics-international-inc,,"Powerful, Efficient Electric Vehicle Chargers",Persist,Wolfspeed still selling,,,,,,,,
1,0,ADEPT,https://drive.google.com/open?id=179B0vAxdXHFplvdUjqJXaKsfqHnGEuHR ,https://arpa-e.energy.gov/?q=arpa-e-programs/adept,Case Western Reserve University,ALUMNI,Non-profit,9/1/2010,11/30/2012,Electrical Efficiency,https://arpa-e.energy.gov/?q=slick-sheet-project/titanium-alloy-power-capacitor,,,Titanium-Alloy Power Capacitor,Perish,"Can't find anything recent about this, not sure if the technology goes into Evans capacitors",,,,,,,,
1,0,ADEPT,https://drive.google.com/open?id=179B0vAxdXHFplvdUjqJXaKsfqHnGEuHR ,https://arpa-e.energy.gov/?q=arpa-e-programs/adept,Center for Power Electronics Systems (CPES) at Virginia Tech,ALUMNI,Non-profit,9/1/2010,7/31/2014,Electrical Efficiency,https://scholar.google.com/citations?hl=en&user=z2ynYMUAAAAJ&view_op=list_works&sortby=pubdate,https://www.apec-conf.org/Portals/0/Plenary%20Presentations/Speaker%204%20Heidel%20PRES.pdf,,Voltage Regulator Chip,Persist,Seems like Intel is selling these chips,,,,,,,,
1,0,ADEPT,https://drive.google.com/open?id=179B0vAxdXHFplvdUjqJXaKsfqHnGEuHR ,https://arpa-e.energy.gov/?q=arpa-e-programs/adept,Center for Power Electronics Systems (CPES) at Virginia Tech,ALUMNI,Non-profit,9/1/2010,11/30/2013,Electrical Efficiency,https://scholar.google.com/citations?hl=en&user=C0lsfwUAAAAJ&view_op=list_works&sortby=pubdate,https://ieeexplore.ieee.org/stamp/stamp.jsp?tp=&arnumber=7117444,https://link.springer.com/content/pdf/10.1007%2Fs11664-013-2866-7.pdf,Integrated Power Adapter,Pivot,Magnetic paste,,,,,,,,
1,0,ADEPT,https://drive.google.com/open?id=179B0vAxdXHFplvdUjqJXaKsfqHnGEuHR ,https://arpa-e.energy.gov/?q=arpa-e-programs/adept,City University of New York (CUNY) Energy Institute,ALUMNI,Non-profit,9/2/2010,2/28/2014,Electrical Efficiency,https://ieeexplore.ieee.org/abstract/document/7130634/authors#authors,,,Metacapacitors for LED Lighting,Pivot,Different types of capacitors,,,,,,,,
1,0,ADEPT,https://drive.google.com/open?id=179B0vAxdXHFplvdUjqJXaKsfqHnGEuHR ,https://arpa-e.energy.gov/?q=arpa-e-programs/adept,Cree,ALUMNI,For-profit,9/1/2010,12/31/2014,Electrical Efficiency,https://www.cree.com/,,,Utility-Scale Silicon Carbide Power Transistors,Persist,,,,,,,,,
1,0,ADEPT,https://drive.google.com/open?id=179B0vAxdXHFplvdUjqJXaKsfqHnGEuHR ,https://arpa-e.energy.gov/?q=arpa-e-programs/adept,GeneSiC Semiconductor,ALUMNI,For-profit,9/1/2010,2/28/2013,Electrical Efficiency,https://www.genesicsemi.com/,https://www.arpa-e.energy.gov/sites/default/files/documents/files/SolarADEPT_Workshop_NxtGenPwr_Singh.pdf,https://www.genesicsemi.com/technical_support/Thyristors/Technical_articles/1207%20ECCE%20AST%20Paper.pdf,Utility-Scale Silicon Carbide Semiconductor,Persist,Seem to be selling this product,,,,,,,,
1,0,ADEPT,https://drive.google.com/open?id=179B0vAxdXHFplvdUjqJXaKsfqHnGEuHR ,https://arpa-e.energy.gov/?q=arpa-e-programs/adept,Georgia Tech Research Corporation,ALUMNI,Non-profit,9/1/2010,2/28/2014,Electrical Efficiency,http://mems.seas.upenn.edu/research.php#past,,,"Compact, Low-Profile Power Converters",Perish,"Listed project as completed, hasn't published on it since 2015",,,,,,,,
1,0,ADEPT,https://drive.google.com/open?id=179B0vAxdXHFplvdUjqJXaKsfqHnGEuHR ,https://arpa-e.energy.gov/?q=arpa-e-programs/adept,Georgia Tech Research Corporation,ALUMNI,Non-profit,9/1/2010,1/31/2013,Electrical Efficiency,https://www.ece.gatech.edu/faculty-staff-directory/deepakraj-m-divan,,,Utility-Scale Power Router,Pivot,? can't find any updates on this project,,,,,,,,
1,0,ADEPT,https://drive.google.com/open?id=179B0vAxdXHFplvdUjqJXaKsfqHnGEuHR ,https://arpa-e.energy.gov/?q=arpa-e-programs/adept,HRL Laboratories,ALUMNI,For-profit,10/1/2010,6/30/2014,Electrical Efficiency,http://www.hrl.com/,,,"Compact, Interactive Electric Vehicle Charger",Perish,HRL doesn't advistise EV charger; also it's a V2G which hasn't panned out,,,,,,,,
1,0,ADEPT,https://drive.google.com/open?id=179B0vAxdXHFplvdUjqJXaKsfqHnGEuHR ,https://arpa-e.energy.gov/?q=arpa-e-programs/adept,Massachusetts Institute of Technology (MIT),ALUMNI,Non-profit,9/1/2010,12/31/2013,Electrical Efficiency,https://arpa-e.energy.gov/?q=impact-sheet/massachusetts-institute-technology-adept,http://www.gantechnology.com/team.html,,Advanced Power Electronics for LED Drivers,Persist,Cambridge Electronics,,,,,,,,
1,0,ADEPT,https://drive.google.com/open?id=179B0vAxdXHFplvdUjqJXaKsfqHnGEuHR ,https://arpa-e.energy.gov/?q=arpa-e-programs/adept,Teledyne Scientific & Imaging,ALUMNI,For-profit,10/1/2010,7/31/2013,Electrical Efficiency,http://www.teledyne.com/,https://www.teledynerelays.com/Datasheets%20ISSR/S20DC30.pdf,,Chip-Scale Power Conversion for LED Lighting,Persist,Product for sale,,,,,,,,
1,0,ADEPT,https://drive.google.com/open?id=179B0vAxdXHFplvdUjqJXaKsfqHnGEuHR ,https://arpa-e.energy.gov/?q=arpa-e-programs/adept,Transphorm,ALUMNI,For-profit,9/1/2010,5/28/2013,Electrical Efficiency,https://arpa-e.energy.gov/?q=impact-sheet/transphorm-adept,,,Transistors for Electric Motor Drives,Persist,Product for sale,,,,,,,,
1,0,ADEPT,https://drive.google.com/open?id=179B0vAxdXHFplvdUjqJXaKsfqHnGEuHR ,https://arpa-e.energy.gov/?q=arpa-e-programs/adept,General Electric (GE) Global Research,CANCELLED,For-profit,1/1/2011,7/17/2012,Electrical Efficiency,http://power.thayer.dartmouth.edu/people.shtml,,,Scalable Thick-Film Magnetics,Persist,Continuing research in PVD magnetics,,,,,,,,
1,0,IDEAS,https://drive.google.com/open?id=1A8u4oPAB431zgUzwqNS9vZSoChhWbBwl ,https://arpa-e.energy.gov/?q=arpa-e-programs/ideas,Columbia University,ALUMNI,Non-profit,3/4/2016,3/3/2017,Electrical Efficiency,https://www.spiedigitallibrary.org/conference-proceedings-of-spie/11031/110310F/Silicon-photonics-Conference-Presentation/10.1117/12.2524684.full?SSO=1,https://www.nature.com/articles/s41566-019-0358-x.pdf,https://www.nature.com/articles/s41586-018-0598-9,Computing Through Silicon Photonics,Persist,,,,,,,,,
1,0,IDEAS,https://drive.google.com/open?id=1A8u4oPAB431zgUzwqNS9vZSoChhWbBwl ,https://arpa-e.energy.gov/?q=arpa-e-programs/ideas,Grid Logic,ALUMNI,For-profit,6/1/2015,6/30/2016,Electrical Efficiency,https://www.grid-logic.com/,,,Nanostructured Core/Shell Powders for Magnets,Persist,Patent active,,,,,,,,
1,0,IDEAS,https://drive.google.com/open?id=1A8u4oPAB431zgUzwqNS9vZSoChhWbBwl ,https://arpa-e.energy.gov/?q=arpa-e-programs/ideas,Harvard University,ALUMNI,Non-profit,6/1/2017,11/30/2018,Electrical Efficiency,http://ham.seas.harvard.edu/drupal/?q=papers,,,Transistor-less Power Supply Technology,Persist,Sandia still mentions this project,,,,,,,,
1,0,IDEAS,https://drive.google.com/open?id=1A8u4oPAB431zgUzwqNS9vZSoChhWbBwl ,https://arpa-e.energy.gov/?q=arpa-e-programs/ideas,Princeton University,ALUMNI,Non-profit,10/1/2015,3/30/2017,Electrical Efficiency,,,,Acoustic Analysis for Battery Testing,Persist,too much persist,,,,,,,,
1,0,IDEAS,https://drive.google.com/open?id=1A8u4oPAB431zgUzwqNS9vZSoChhWbBwl ,https://arpa-e.energy.gov/?q=arpa-e-programs/ideas,Qromis,ALUMNI,For-Profit,4/1/2017,9/30/2018,Electrical Efficiency,http://www.qromis.com/,https://ecs.confex.com/ecs/235/meetingapp.cgi/Paper/121315,https://patents.google.com/patent/US10312378B2/en,Reliable and Self-Clamped GaN Switch,Persist,,,,,,,,,
1,0,IDEAS,https://drive.google.com/open?id=1A8u4oPAB431zgUzwqNS9vZSoChhWbBwl ,https://arpa-e.energy.gov/?q=arpa-e-programs/ideas,Sandia National Laboratories,ALUMNI,Non-profit,5/1/2017,10/31/2018,Electrical Efficiency,https://www.osti.gov/servlets/purl/1499854,https://www.osti.gov/servlets/purl/1524834,,Power Conversion with Photoconductive Switches,Persist,Still actively researched?,,,,,,,,
1,0,IDEAS,https://drive.google.com/open?id=1A8u4oPAB431zgUzwqNS9vZSoChhWbBwl ,https://arpa-e.energy.gov/?q=arpa-e-programs/ideas,University of Maryland (UMD),ALUMNI,Non-profit,2/13/2015,2/12/2016,Electrical Efficiency,,,,High-Capacity Carbon Wires,Perish,Nothing since 2016,,,,,,,,
1,0,IDEAS,https://drive.google.com/open?id=1A8u4oPAB431zgUzwqNS9vZSoChhWbBwl ,https://arpa-e.energy.gov/?q=arpa-e-programs/ideas,"University of Nebraska, Lincoln (UNL)",ALUMNI,Non-profit,9/1/2016,8/31/2017,Electrical Efficiency,https://ieeexplore.ieee.org/stamp/stamp.jsp?tp=&arnumber=8096589,https://scholar.google.com/citations?hl=en&user=PMB_p5MAAAAJ&view_op=list_works&sortby=pubdate,https://patents.google.com/patent/US10290417B2/en,Electromagnetic Induction Power Converter,Persist,Still getting patents,,,,,,,,
1,0,SWITCHES,https://drive.google.com/open?id=1hkOVpLbKBTm4yqGjwQVzxVbvEHQuisXW ,https://arpa-e.energy.gov/?q=arpa-e-programs/switches,Cornell University,ALUMNI,Non-profit,8/1/2015,10/16/2017,Electrical Efficiency,https://www.engineering.cornell.edu/faculty-directory/huili-grace-xing,https://cornell.app.box.com/s/d4zyj1xvukbwpysiftyaw3de47biobwu,https://patents.google.com/patent/US9362389,GaN Power Transistor,Persist,Qorvo selling GaN switches,,,,,,,,
1,0,SWITCHES,https://drive.google.com/open?id=1hkOVpLbKBTm4yqGjwQVzxVbvEHQuisXW ,https://arpa-e.energy.gov/?q=arpa-e-programs/switches,Fairfield Crystal Technology,ALUMNI,For-profit,3/5/2014,6/22/2015,Electrical Efficiency,http://www.fairfieldcrystal.com/,,,GaN Crystal Substrates,Perish,? Doesn't mention GaN in materials it sells,,,,,,,,
1,0,SWITCHES,https://drive.google.com/open?id=1hkOVpLbKBTm4yqGjwQVzxVbvEHQuisXW ,https://arpa-e.energy.gov/?q=arpa-e-programs/switches,HRL Laboratories,ALUMNI,For-profit,3/7/2014,4/15/2018,Electrical Efficiency,http://www.hrl.com/,https://arpa-e.energy.gov/sites/default/files/0930_Chu_SWITCHES%20Meeting_3-2017_HRL.pdf,,Vertical GaN Transistor,Persist,Kyma selling,,,,,,,,
1,0,SWITCHES,https://drive.google.com/open?id=1hkOVpLbKBTm4yqGjwQVzxVbvEHQuisXW ,https://arpa-e.energy.gov/?q=arpa-e-programs/switches,Michigan State University (MSU),ALUMNI,Non-profit,2/19/2014,9/30/2017,Electrical Efficiency,https://scholar.google.com/citations?hl=en&user=voJV1r8AAAAJ&view_op=list_works&sortby=pubdate,,,Diamond Semiconductor Devices,Persist,"Patent, PI still actively doing research in area",,,,,,,,
1,0,SWITCHES,https://drive.google.com/open?id=1hkOVpLbKBTm4yqGjwQVzxVbvEHQuisXW ,https://arpa-e.energy.gov/?q=arpa-e-programs/switches,MicroLink Devices,ALUMNI,For-profit,3/10/2014,12/9/2017,Electrical Efficiency,http://mldevices.com/index.php,https://arpa-e.energy.gov/sites/default/files/1430_McCarthy_SWITCHES%20Meeting_3-2017_RMv2.pdf,,High-Power Transistor Fabrication,Pivot,InGaP,,,,,,,,
1,0,SWITCHES,https://drive.google.com/open?id=1hkOVpLbKBTm4yqGjwQVzxVbvEHQuisXW ,https://arpa-e.energy.gov/?q=arpa-e-programs/switches,Monolith Semiconductor,ALUMNI,For-profit,1/1/2014,9/30/2017,Electrical Efficiency,https://www.littelfuse.com/products/power-semiconductors/silicon-carbide.aspx?utm_source=monolithsemi.com&utm_medium=redirect&utm_campaign=monolith-lf,https://arpa-e.energy.gov/sites/default/files/documents/files/Monolith_SWITCHES_ExternalProjectImpactSheet_FINAL.pdf,https://www.digikey.com/product-detail/en/littelfuse-inc/LSIC1MO120E0160/F11005-ND/8545521,Advanced Manufacturing for SiC MOSFETS,Persist,,,,,,,,,1
1,0,SWITCHES,https://drive.google.com/open?id=1hkOVpLbKBTm4yqGjwQVzxVbvEHQuisXW ,https://arpa-e.energy.gov/?q=arpa-e-programs/switches,Soraa,ALUMNI,For-profit,2/17/2014,5/17/2015,Electrical Efficiency,https://www.soraa.com/,https://arpa-e.energy.gov/?q=impact-sheet/soraa-open-2009-and-switches,,Low-Cost GaN Substrates,Persist,Selling product,,,,,,,,
1,0,SWITCHES,https://drive.google.com/open?id=1hkOVpLbKBTm4yqGjwQVzxVbvEHQuisXW ,https://arpa-e.energy.gov/?q=arpa-e-programs/switches,Avogy,CANCELLED,For-profit,1/1/2014,12/12/2016,Electrical Efficiency,https://pitchbook.com/newsletter/khosla-ventures-sues-former-avogy-ceo-kmZ,https://nexgenpowersystems.com/gan-power-systems/,,Vertical GaN Transistors,Persist,"?? New company seems to be making devices, but also lawsuits?",,,,,,,1,
1,0,SWITCHES,https://drive.google.com/open?id=1hkOVpLbKBTm4yqGjwQVzxVbvEHQuisXW ,https://arpa-e.energy.gov/?q=arpa-e-programs/switches,Kyma Technologies,CANCELLED,For-profit,3/10/2014,3/9/2018,Electrical Efficiency,http://www.kymatech.com/,https://arpa-e.energy.gov/sites/default/files/1410_Leach_SWITCHES-AnnualReview_20170328_Kyma_Open_Final.pdf,http://www.qromis.com/#thirdPage,GaN Substrate Technology,Persist,Selling product?,,,,,,,,
1,0,OPEN 2009,https://drive.google.com/file/d/1_gC6c6bd0MqD8Bb7Jbqst05DcyEK3sM7/view?usp=sharing ,https://arpa-e.energy.gov/?q=arpa-e-programs/open-2009,Foro Energy,ALUMNI,For-profit,1/15/2010,9/30/2013,Centralized Generation,http://www.foroenergy.com/,,,Laser-Mechanical Drilling for Geothermal Energy,Persist,,,,,,,,,
1,0,OPEN 2012,https://drive.google.com/open?id=11ZzOee8woyMAKrGeWGYXkFbi7WwS-d15 ,https://arpa-e.energy.gov/?q=arpa-e-programs/open-2012,Applied Materials,ALUMNI,For-profit,6/1/2013,9/30/2016,Centralized Generation,http://www.appliedmaterials.com/,http://www.appliedmaterials.com/files/tempo_elsevier_energia_procedia_1.pdf,,Low-Cost Silicon Wafers for Solar Modules,Persist,Suniva selling,,,,,,,,
1,0,ALPHA,https://drive.google.com/open?id=1FpspM4qKQMJVHujn4ZFKUtn-ViJTqOV9 ,https://arpa-e.energy.gov/?q=arpa-e-programs/alpha,California Institute of Technology (Caltech),ALUMNI,Non-profit,10/1/2015,12/31/2018,Centralized Generation,http://www.bellanplasmagroup.caltech.edu/publications/index.html,,,Heating and Compression Mechanisms for Fusion,Persist,Still publishing,,,,,,,,
1,0,ALPHA,https://drive.google.com/open?id=1FpspM4qKQMJVHujn4ZFKUtn-ViJTqOV9 ,https://arpa-e.energy.gov/?q=arpa-e-programs/alpha,Helion Energy,ALUMNI,For-profit,9/30/2015,9/29/2018,Centralized Generation,http://www.helionenergy.com/?page_id=199,,,Compression of FRC Targets for Fusion,Persist,Still publishing and patent application in the works,,,,,,,,
1,0,ALPHA,https://drive.google.com/open?id=1FpspM4qKQMJVHujn4ZFKUtn-ViJTqOV9 ,https://arpa-e.energy.gov/?q=arpa-e-programs/alpha,Lawrence Berkeley National Laboratory (LBNL),ALUMNI,Non-profit,8/1/2015,6/30/2018,Centralized Generation,https://scholar.google.com/citations?hl=en&user=iNe8iOMAAAAJ&view_op=list_works&sortby=pubdate,https://arpa-e.energy.gov/sites/default/files/documents/files/OPEN_2018_Cohort_Nuclear_FINAL.pdf,,MEMS Based Drivers For Fusion,Persist,OPEN 2018,,,,,,,,
1,0,ALPHA,https://drive.google.com/open?id=1FpspM4qKQMJVHujn4ZFKUtn-ViJTqOV9 ,https://arpa-e.energy.gov/?q=arpa-e-programs/alpha,NumerEx,ALUMNI,For-profit,10/1/2015,10/31/2018,Centralized Generation,http://www.numerex-llc.com/,,,Stabilized Liner Compressor For Low-Cost Fusion,Persist,"? ""company"" does plasma stuff still",,,,,,,,
1,0,ALPHA,https://drive.google.com/open?id=1FpspM4qKQMJVHujn4ZFKUtn-ViJTqOV9 ,https://arpa-e.energy.gov/?q=arpa-e-programs/alpha,Sandia National Laboratories,ALUMNI,Non-profit,8/15/2015,11/24/2018,Centralized Generation,https://ieeexplore.ieee.org/abstract/document/8636552,,,Magnetization and Heating Tools for Low-Cost Fusion,Persist,Still publishing ,,,,,,,,
1,0,OPEN 2009,https://drive.google.com/file/d/1_gC6c6bd0MqD8Bb7Jbqst05DcyEK3sM7/view?usp=sharing ,https://arpa-e.energy.gov/?q=arpa-e-programs/open-2009,Arizona State University (ASU),ALUMNI,Non-profit,12/21/2009,6/30/2012,Transportation Storage,https://nantenergy.com/,,,Metal-Air Electric Vehicle Battery,Pivot,,,,,,,,,
1,0,OPEN 2009,https://drive.google.com/file/d/1_gC6c6bd0MqD8Bb7Jbqst05DcyEK3sM7/view?usp=sharing ,https://arpa-e.energy.gov/?q=arpa-e-programs/open-2009,Envia Systems,ALUMNI,For-profit,1/1/2010,12/31/2011,Transportation Storage,Website doesn't work,https://www2.greencarreports.com/news/1089261_collapse-of-battery-startup-envia-what-really-happened,,Long-Range Electric Vehicle Batteries,Perish,,,,,,,,,
1,0,OPEN 2009,https://drive.google.com/file/d/1_gC6c6bd0MqD8Bb7Jbqst05DcyEK3sM7/view?usp=sharing ,https://arpa-e.energy.gov/?q=arpa-e-programs/open-2009,FastCAP Systems,ALUMNI,For-profit,4/1/2010,12/31/2013,Transportation Storage,https://www.nanoramic.com/,,,High Energy Density Ultracapacitors,Persist,"Still selling caps, but focus seems to have shifted to batteries https://go.nanoramic.com/fastcap-chip-cap-spec-sheet",,,,,,,,
1,0,OPEN 2009,https://drive.google.com/file/d/1_gC6c6bd0MqD8Bb7Jbqst05DcyEK3sM7/view?usp=sharing ,https://arpa-e.energy.gov/?q=arpa-e-programs/open-2009,Inorganic Specialists,CANCELLED,For-profit,12/1/2009,11/3/2011,Transportation Storage,Website doesn't work,"https://www.google.com/maps/place/Inorganic+Specialists/@39.6325777,-84.2885025,15z/data=!4m5!3m4!1s0x0:0x612f24de4982f2f0!8m2!3d39.6325777!4d-84.2885025",,Long-Range Li-Ion Batteries for Electric Vehicles,Perish,,,,,,,,,
1,0,OPEN 2012,https://drive.google.com/open?id=11ZzOee8woyMAKrGeWGYXkFbi7WwS-d15 ,https://arpa-e.energy.gov/?q=arpa-e-programs/open-2012,Ceramatec,ALUMNI,For-profit,2/1/2013,3/31/2017,Transportation Storage,Website doesn't work,https://pubs.rsc.org/en/content/articlepdf/2018/ee/c7ee03595k,,Mid-Temperature Fuel Cells for Vehicles,Pivot,"Ceramatec company seems to have dropped funding, but project PI now at https://oxeonenergy.com",,,,,,,,
1,0,OPEN 2012,https://drive.google.com/open?id=11ZzOee8woyMAKrGeWGYXkFbi7WwS-d15 ,https://arpa-e.energy.gov/?q=arpa-e-programs/open-2012,Georgia Tech Research Corporation,ALUMNI,Non-profit,3/20/2013,3/19/2016,Transportation Storage,https://industry.gatech.edu/technology/graphene-based-supercapacitors,,,Graphene-Based Supercapacitors,Pivot,"Can't find anything selling this? PI published on graphene supercaps in 2018, but has since moved on",,,,,,,,
1,0,OPEN 2012,https://drive.google.com/open?id=11ZzOee8woyMAKrGeWGYXkFbi7WwS-d15 ,https://arpa-e.energy.gov/?q=arpa-e-programs/open-2012,Palo Alto Research Center (PARC),ALUMNI,For-profit,3/1/2013,6/11/2014,Transportation Storage,https://www.parc.com/technologies/coextrusion/,https://www.energy.gov/sites/prod/files/2016/06/f32/es266_cobb_2016_o_web.pdf,https://patents.google.com/patent/US9755221B2/en,Innovative Manufacturing Process for Li-Ion Batteries,Persist,,,,,,,,,
1,0,OPEN 2012,https://drive.google.com/open?id=11ZzOee8woyMAKrGeWGYXkFbi7WwS-d15 ,https://arpa-e.energy.gov/?q=arpa-e-programs/open-2012,Tai-Yang Research Company (TYRC),ALUMNI,For-profit,2/15/2013,3/6/2017,Transportation Storage,http://www.tai-yang.com/,,,"High-Power, Low-Cost Superconducting Cable",Pivot,"nothing seems to have resulted, not listed in products",,,,,,,,
1,0,OPEN 2012,https://drive.google.com/open?id=11ZzOee8woyMAKrGeWGYXkFbi7WwS-d15 ,https://arpa-e.energy.gov/?q=arpa-e-programs/open-2012,"University of California, Santa Barbara (UCSB)",ALUMNI,Non-profit,3/15/2013,6/30/2016,Transportation Storage,,,,Boosted Capacitors,Pivot,"hasn't published since 2015, nothing came about",,,,,,,,
1,0,OPEN 2012,https://drive.google.com/open?id=11ZzOee8woyMAKrGeWGYXkFbi7WwS-d15 ,https://arpa-e.energy.gov/?q=arpa-e-programs/open-2012,"University of Nevada, Las Vegas (UNLV)",ALUMNI,Non-profit,2/14/2013,2/13/2016,Transportation Storage,https://scholar.google.com/citations?hl=en&user=xhrYzgsAAAAJ&view_op=list_works&sortby=pubdate,https://patents.google.com/patent/US20170275172A1/en,,Fire-Resistant Solid Electrolytes,Pivot,PI has moved on,,,,,,,,
1,0,BEEST,https://drive.google.com/open?id=1fdci1YFMoLUR4WoRNAiHZe0TjZ6bW5IH ,,24M Technologies,ALUMNI,For-profit,9/1/2010,2/28/2014,Transportation Storage,http://24-m.com/,,,Semi-Solid Flowable Battery Electrodes,Pivot,"""Within the first year of its ARPA-E project, 24M pivoted from its initial flow-cell design to a new approach that focused on expanding the thickness of the electrodes in a battery""",,,,,,,,
1,0,BEEST,https://drive.google.com/open?id=1fdci1YFMoLUR4WoRNAiHZe0TjZ6bW5IH ,,Applied Materials,ALUMNI,For-profit,7/1/2010,9/30/2013,Transportation Storage,http://www.appliedmaterials.com/,,,New Electrode Manufacturing Process Equipment,Perish,"Not working on lithium ion, but still doing additive manufacturing. Not sure pivot or perish",,,,,,,,
1,0,BEEST,https://drive.google.com/open?id=1fdci1YFMoLUR4WoRNAiHZe0TjZ6bW5IH ,,Pellion Technologies,ALUMNI,For-profit,9/1/2010,12/31/2012,Transportation Storage,http://www.pelliontech.com/,,,Rechargeable Magnesium Batteries,Pivot,Lithium metal now,,,,,,,,
1,0,BEEST,https://drive.google.com/open?id=1fdci1YFMoLUR4WoRNAiHZe0TjZ6bW5IH ,,PolyPlus Battery Company,ALUMNI,For-profit,7/1/2010,12/31/2012,Transportation Storage,http://polyplus.com/,,,Rechargeable Lithium-Air Batteries,Pivot,Solid State,,,,,,,,
1,0,BEEST,https://drive.google.com/open?id=1fdci1YFMoLUR4WoRNAiHZe0TjZ6bW5IH ,,Recapping,ALUMNI,For-profit,7/1/2010,12/31/2012,Transportation Storage,None,,,High Energy Density Capacitors,Pivot,Now working on solid state electrolytes,,,,,,,,
1,0,BEEST,https://drive.google.com/open?id=1fdci1YFMoLUR4WoRNAiHZe0TjZ6bW5IH ,,Sila Nanotechnologies,ALUMNI,For-profit,10/1/2012,3/31/2016,Transportation Storage,https://silanano.com/,https://arpa-e.energy.gov/?q=impact-sheet/sila-beest-sbir,,Double Energy Density Anodes for Lithium-Ion Batteries,Persist,,,,,,,,,
1,0,BEEST,https://drive.google.com/open?id=1fdci1YFMoLUR4WoRNAiHZe0TjZ6bW5IH ,,Sion Power,ALUMNI,For-profit,10/1/2010,9/30/2013,Transportation Storage,https://sionpower.com/products/,,,Lithium-Sulfur Batteries,Pivot,"Li-metal, Ni rich cathode",,,,,,,,
1,0,BEEST,https://drive.google.com/open?id=1fdci1YFMoLUR4WoRNAiHZe0TjZ6bW5IH ,,Stanford University,ALUMNI,Non-profit,7/1/2010,6/30/2012,Transportation Storage,,,,The All-Electron Battery,Pivot,http://cafe.foundation/blog/electron-battery-stanford-strikes/ quantumscape (I think that's solid state electrolytes?),,,,,,,,
1,0,BEEST,https://drive.google.com/open?id=1fdci1YFMoLUR4WoRNAiHZe0TjZ6bW5IH ,,Xilectric,ALUMNI,For-profit,10/1/2012,9/30/2015,Transportation Storage,https://www.xilectric.com/,,,Reinventing the Edison Battery,Pivot,"Li-ion now
",,,,,,,,
1,0,BEEST,https://drive.google.com/open?id=1fdci1YFMoLUR4WoRNAiHZe0TjZ6bW5IH ,,Missouri University of Science & Technology (Missouri S&T),CANCELLED,Non-profit,8/1/2010,1/16/2013,Transportation Storage,https://scholar.google.com/citations?hl=en&user=IHUOFK4AAAAJ&view_op=list_works&sortby=pubdate,,,Lithium-Air Battery,Perish,"PI not researching Li-Air anymore
",,,,,,,,
1,0,BEEST,https://drive.google.com/open?id=1fdci1YFMoLUR4WoRNAiHZe0TjZ6bW5IH ,,Planar Energy Devices,CANCELLED,For-profit,7/1/2010,4/10/2012,Transportation Storage,http://planarenergy.com/,http://planarenergy.com/company-investors/,,Solid State Lithium Batteries,Persist,"SPEED manufacturing process is roll to roll, so same as this?",,,,,,,,
1,0,BEEST,https://drive.google.com/open?id=1fdci1YFMoLUR4WoRNAiHZe0TjZ6bW5IH ,,ReVolt Technology,CANCELLED,For-profit,10/1/2010,6/30/2012,Transportation Storage,None,,,Rechargeable Zinc-Air Batteries,Perish,Company seems to be gutted,,,,,,,,
1,0,HEATS,https://drive.google.com/open?id=1ZDDQhmKxpgy0gCLGMfGzMoF5yJCe2NWI ,https://arpa-e.energy.gov/?q=arpa-e-programs/heats,Sheetak,ALUMNI,For-profit,11/15/2011,3/31/2015,Transportation Storage,https://www.sheetak.com/technology,,,High Energy Density Thermal Batteries,Pivot,"not working on EVs anymore, seems to be just coolers",,,,,,,,
1,0,HEATS,https://drive.google.com/open?id=1ZDDQhmKxpgy0gCLGMfGzMoF5yJCe2NWI ,https://arpa-e.energy.gov/?q=arpa-e-programs/heats,United Technologies Research Center (UTRC),ALUMNI,For-profit,1/4/2012,1/3/2015,Transportation Storage,https://www.carrier.com/carrier/en/us/products-and-services/,https://patents.google.com/patent/US20160131400A1/en,,Hybrid Vapor Compression Adsorption System,Pivot,"can't tell if this technology is actually used, carrier doesn't mention anything about it specifically for EVs",,,,,,,,
1,0,HEATS,https://drive.google.com/open?id=1ZDDQhmKxpgy0gCLGMfGzMoF5yJCe2NWI ,https://arpa-e.energy.gov/?q=arpa-e-programs/heats,University of Texas at Austin (UT Austin),ALUMNI,Non-profit,11/21/2011,6/30/2015,Transportation Storage,,https://patents.google.com/patent/US20180320987A1/en,,Thermal Batteries for Electric Vehicles,Persist,Octillion advertises their thermal management systems?,,,,,,,,
1,0,HEATS,https://drive.google.com/open?id=1ZDDQhmKxpgy0gCLGMfGzMoF5yJCe2NWI ,https://arpa-e.energy.gov/?q=arpa-e-programs/heats,University of Utah,ALUMNI,Non-profit,12/1/2011,2/28/2015,Transportation Storage,,file:///Users/rebeccaciez/Downloads/energies-08-08406.pdf,,Advanced Metal-Hydrides-Based Thermal Battery,Perish,nothing new,,,,,,,,
1,0,IDEAS,https://drive.google.com/open?id=1A8u4oPAB431zgUzwqNS9vZSoChhWbBwl ,https://arpa-e.energy.gov/?q=arpa-e-programs/ideas,California Institute of Technology (Caltech),ALUMNI,Non-profit,8/25/2017,8/24/2018,Transportation Storage,https://scholar.google.com/citations?user=bNac9TgAAAAJ&hl=en&oi=ao,,,Nanomechanics of Electrodeposited Li,Persist,"they achieved what they set out to do. they've moved on to other things, but this research is still actively cited",,,,,,,,
1,0,IDEAS,https://drive.google.com/open?id=1A8u4oPAB431zgUzwqNS9vZSoChhWbBwl ,https://arpa-e.energy.gov/?q=arpa-e-programs/ideas,Lawrence Berkeley National Laboratory (LBNL),ALUMNI,Non-profit,9/1/2017,8/31/2018,Transportation Storage,https://scholar.google.com/citations?hl=en&user=RSh_Lt0AAAAJ&view_op=list_works&sortby=pubdate,,,Metal-Supported SOFC for Vehicles,Persist,"still working on SOFCs for vehicles, publishing this year",,,,,,,,
1,0,IDEAS,https://drive.google.com/open?id=1A8u4oPAB431zgUzwqNS9vZSoChhWbBwl ,https://arpa-e.energy.gov/?q=arpa-e-programs/ideas,Tetramer Technologies,ALUMNI,For-profit,3/31/2017,6/30/2018,Transportation Storage,https://tetramer.com/tetramer-technologies-products/,,,Enhanced Stability AEM at High Temperatures,Perish,"still selling PEM and not AEM
",,,,,,,,
1,0,RANGE,https://drive.google.com/open?id=1kW9jVVarIL1jAsdCQ78RN8wlElQZ0l7f ,https://arpa-e.energy.gov/?q=arpa-e-programs/range,Arizona State University (ASU),ALUMNI,Non-profit,11/25/2013,12/31/2015,Transportation Storage,https://sustainability.asu.edu/person/cody-friesen/,,,Multifunctional Cells for Electric Vehicles,Perish,,,,,,,,,
1,0,RANGE,https://drive.google.com/open?id=1kW9jVVarIL1jAsdCQ78RN8wlElQZ0l7f ,https://arpa-e.energy.gov/?q=arpa-e-programs/range,Bettergy,ALUMNI,For-profit,12/1/2013,9/30/2015,Transportation Storage,http://www.bettergy.com/,http://www.bettergy.com/about-us/news?start=20,,Beyond Lithium-Ion Solid-State Battery,Persist,I think they're still selling zinc,,,,,,,,
1,0,RANGE,https://drive.google.com/open?id=1kW9jVVarIL1jAsdCQ78RN8wlElQZ0l7f ,https://arpa-e.energy.gov/?q=arpa-e-programs/range,Cadenza Innovation,ALUMNI,For-profit,2/10/2014,12/1/2017,Transportation Storage,https://cadenzainnovation.com/,,,Low-Cost Electric Vehicle Battery Architecture,Persist,,,,,,,,,
1,0,RANGE,https://drive.google.com/open?id=1kW9jVVarIL1jAsdCQ78RN8wlElQZ0l7f ,https://arpa-e.energy.gov/?q=arpa-e-programs/range,Ceramatec,ALUMNI,For-profit,1/1/2014,1/14/2017,Transportation Storage,"https://www.coorstek.com/english/search-results/#/mainTitle?searchQuery=%5B%7B%22name%22:%22Type%22,%22filters%22:%5B%5D%7D,%7B%22name%22:%22Product%22,%22filters%22:%5B%5D%7D,%7B%22name%22:%22Industry%22,%22filters%22:%5B%7B%22name%22:%22Energy%22%7D%5D%7D,%7B%22name%22:%22Sub%20Industries%22,%22filters%22:%5B%5D%7D,%7B%22name%22:%22Material%22,%22filters%22:%5B%5D%7D,%7B%22name%22:%22Sub%20Material%22,%22filters%22:%5B%5D%7D,%7B%22name%22:%22Service%22,%22filters%22:%5B%5D%7D,%7B%22name%22:%22Sub%20Service%22,%22filters%22:%5B%5D%7D%5D",,,Advanced Lithium-Sulfur Batteries,Perish,"nothing about solid state battery membranes
",,,,,,,,
1,0,RANGE,https://drive.google.com/open?id=1kW9jVVarIL1jAsdCQ78RN8wlElQZ0l7f ,https://arpa-e.energy.gov/?q=arpa-e-programs/range,EnZinc,ALUMNI,For-profit,2/19/2014,3/27/2015,Transportation Storage,http://www.enzinc.com/index.html,,,"Rechargeable, Long-Life, Zinc-Air Battery",Persist,still working on zinc-air,,,,,,,,
1,0,RANGE,https://drive.google.com/open?id=1kW9jVVarIL1jAsdCQ78RN8wlElQZ0l7f ,https://arpa-e.energy.gov/?q=arpa-e-programs/range,General Electric (GE) Power & Water,ALUMNI,For-profit,3/28/2014,4/2/2015,Transportation Storage,,,,Water-Based Flow Battery for EVs,Perish,,,,,,,,,
1,0,RANGE,https://drive.google.com/open?id=1kW9jVVarIL1jAsdCQ78RN8wlElQZ0l7f ,https://arpa-e.energy.gov/?q=arpa-e-programs/range,Jet Propulsion Laboratory (JPL),ALUMNI,Non-profit,4/30/2014,5/18/2016,Transportation Storage,http://ma.ecsdl.org/content/MA2015-01/1/22.short,,,Metal Hydride-Air Battery,Perish,nothing new,,,,,,,,
1,0,RANGE,https://drive.google.com/open?id=1kW9jVVarIL1jAsdCQ78RN8wlElQZ0l7f ,https://arpa-e.energy.gov/?q=arpa-e-programs/range,National Renewable Energy Laboratory (NREL),ALUMNI,Non-profit,1/6/2014,2/18/2015,Transportation Storage,https://www.nrel.gov/docs/fy16osti/66742.pdf,,,Renewable Organics for Flow Battery,Perish,"""While these values still fall short of project goals, they still offer improved potential for grid applications and could prove suitable for automotive use.""",,,,,,,,
1,0,RANGE,https://drive.google.com/open?id=1kW9jVVarIL1jAsdCQ78RN8wlElQZ0l7f ,https://arpa-e.energy.gov/?q=arpa-e-programs/range,Oak Ridge National Laboratory (ORNL),ALUMNI,Non-profit,6/1/2014,12/31/2015,Transportation Storage,https://paperpile.com/app/p/f6cd3b1d-6ad4-01e1-867d-4aac32ab81d8,,,Light-weight Battery with Built-in Safety Features,Pivot,nothing new but group still seems to be working on EV batteries?,,,,,,,,
1,0,RANGE,https://drive.google.com/open?id=1kW9jVVarIL1jAsdCQ78RN8wlElQZ0l7f ,https://arpa-e.energy.gov/?q=arpa-e-programs/range,Oak Ridge National Laboratory (ORNL),ALUMNI,Non-profit,11/1/2013,10/31/2015,Transportation Storage,https://scholar.google.com/citations?hl=en&user=IwBKmykAAAAJ&view_op=list_works&sortby=pubdate,,,Impact-Resistant Electrolyte,Pivot,nothing recent on this,,,,,,,,
1,0,RANGE,https://drive.google.com/open?id=1kW9jVVarIL1jAsdCQ78RN8wlElQZ0l7f ,https://arpa-e.energy.gov/?q=arpa-e-programs/range,Pennsylvania State University (Penn State),ALUMNI,Non-profit,11/1/2013,12/31/2015,Transportation Storage,http://ma.ecsdl.org/content/MA2018-02/1/42.short,,,Structural Battery Power Panels,Pivot,,,,,,,,,
1,0,RANGE,https://drive.google.com/open?id=1kW9jVVarIL1jAsdCQ78RN8wlElQZ0l7f ,https://arpa-e.energy.gov/?q=arpa-e-programs/range,Princeton University,ALUMNI,Non-profit,12/11/2013,3/31/2015,Transportation Storage,,,,Long-Life Rechargeable Alkaline Batteries for EVs,Pivot,,,,,,,,,
1,0,RANGE,https://drive.google.com/open?id=1kW9jVVarIL1jAsdCQ78RN8wlElQZ0l7f ,https://arpa-e.energy.gov/?q=arpa-e-programs/range,Purdue University,ALUMNI,Non-profit,12/2/2013,12/31/2015,Transportation Storage,https://engineering.purdue.edu/ChenGroup/publications,https://patents.google.com/patent/US20150155534A1/en?oq=US+20150155534+A1,,Impact-Tolerant Electric Vehicle Batteries,Pivot,still working on batteries for EVs?,,,,,,,,
1,0,RANGE,https://drive.google.com/open?id=1kW9jVVarIL1jAsdCQ78RN8wlElQZ0l7f ,https://arpa-e.energy.gov/?q=arpa-e-programs/range,Solid Power,ALUMNI,For-profit,1/1/2014,6/30/2017,Transportation Storage,http://solidpowerbattery.com/,,,All Solid-State Lithium-Ion Battery,Pivot,"I think after this project, they stayed solid-state but moved from Li-ion (graphite) to Li-metal anode... I mean it's close so maybe persist?",,,,,,,,
1,0,RANGE,https://drive.google.com/open?id=1kW9jVVarIL1jAsdCQ78RN8wlElQZ0l7f ,https://arpa-e.energy.gov/?q=arpa-e-programs/range,Stanford University,ALUMNI,Non-profit,2/11/2014,9/30/2017,Transportation Storage,https://arpa-e.energy.gov/sites/default/files/Stanford-RANGE-May1.pdf,,,Multifunctional Battery Chassis Systems,Pivot,"I don't think they hit targets for this call ""Ultimately, the team expects to be able to achieve an energy density of ~180 Wh/kg, comparable to leading available EV batteries. Compared to commercially avail-able packs with protective plates, the multifunctional battery could achieve up to 30% overall weight savings, which will translate to sub-stantial reduction in fuel consumption.""",,,,,,,,
1,0,RANGE,https://drive.google.com/open?id=1kW9jVVarIL1jAsdCQ78RN8wlElQZ0l7f ,https://arpa-e.energy.gov/?q=arpa-e-programs/range,"University of California, Los Angeles (UCLA)",ALUMNI,Non-profit,9/29/2016,9/28/2017,Transportation Storage,https://www.sciencedirect.com/science/article/pii/S240582971730483X,,,"Long-Life, Acid-Based Battery",Pivot,group moved on?,,,,,,,,
1,0,RANGE,https://drive.google.com/open?id=1kW9jVVarIL1jAsdCQ78RN8wlElQZ0l7f ,https://arpa-e.energy.gov/?q=arpa-e-programs/range,"University of California, San Diego (UC San Diego)",ALUMNI,Non-profit,2/19/2014,4/28/2017,Transportation Storage,https://arpa-e.energy.gov/sites/default/files/UCSD-RANGE-May1.pdf,,,Multifunctional Battery Systems for Electric Vehicles,Persist,"project is continuing, but didn't really hit call objectives",,,,,,,,
1,0,RANGE,https://drive.google.com/open?id=1kW9jVVarIL1jAsdCQ78RN8wlElQZ0l7f ,https://arpa-e.energy.gov/?q=arpa-e-programs/range,University of Houston,ALUMNI,Non-profit,11/13/2013,8/12/2015,Transportation Storage,https://scholar.google.com/citations?hl=en&user=jtfLb6gAAAAJ&view_op=list_works&sortby=pubdate,,,Low-Cost Water-Based Electric Vehicle Batteries,Pivot,"published on Ca battery, but have since moved on",,,,,,,,
1,0,RANGE,https://drive.google.com/open?id=1kW9jVVarIL1jAsdCQ78RN8wlElQZ0l7f ,https://arpa-e.energy.gov/?q=arpa-e-programs/range,BASF,CANCELLED,For-profit,2/18/2014,6/30/2015,Transportation Storage,https://catalysts.basf.com/news/basf-grants-nickel-metal-hydride-battery-materials-license-to-kawasaki-heavy-industries-ltd,,,Rare-Earth Free EV Batteries,Pivot,still doing NiHM?,,,,,,,,
1,0,RANGE,https://drive.google.com/open?id=1kW9jVVarIL1jAsdCQ78RN8wlElQZ0l7f ,https://arpa-e.energy.gov/?q=arpa-e-programs/range,Illinois Institute of Technology (IIT),CANCELLED,Non-profit,1/1/2014,12/31/2015,Transportation Storage,https://patents.google.com/patent/US10153511B2/en,https://scholar.google.com/citations?hl=en&user=tWbKlfMAAAAJ&view_op=list_works&sortby=pubdate,,Nanoelectrofuel Flow Battery for Electric Vehicles,Pivot,"the guy is still working on ""nanoelectrofuels"" or whatever, seems to be jumping to different materials, so not perish?",,,,,,,,