Total project count,To-do list,Program,Program Targets/Solicitation,Program Website,Companies,Status,Recipient Type,Start Date,End Date,Tech Category,Website(s),,,Tagline,Outcome,,Comments,,,,,,,,,,,
1,0,OPEN 2009,https://drive.google.com/file/d/1_gC6c6bd0MqD8Bb7Jbqst05DcyEK3sM7/view?usp=sharing,https://arpa-e.energy.gov/?q=arpa-e-programs/open-2009,General Motors (GM),ALUMNI,For-profit,1/1/10,3/31/12,Resource Efficiency,http://gmauthority.com/blog/2015/04/2016-chevrolet-malibu-hybrid-exhaust-gas-heat-recovery-feature-spotlight/,,,Waste Heat Recovery System,Pivot,,"different application, but may still also be Persisting",,,,,,,,,,,
1,0,OPEN 2009,https://drive.google.com/file/d/1_gC6c6bd0MqD8Bb7Jbqst05DcyEK3sM7/view?usp=sharing,https://arpa-e.energy.gov/?q=arpa-e-programs/open-2009,ITN Energy Systems,ALUMNI,For-profit,1/1/10,6/30/13,Building Efficiency,http://www.itnes.com/,,,Electrochromic Film for More Efficient Windows,Persist,,https://www.energy.gov/eere/buildings/downloads/low-cost-highly-transparent-flexible-low-emission-coating-film-enable,,,,,,,,,,,
1,0,OPEN 2009,https://drive.google.com/file/d/1_gC6c6bd0MqD8Bb7Jbqst05DcyEK3sM7/view?usp=sharing,https://arpa-e.energy.gov/?q=arpa-e-programs/open-2009,Lehigh University,ALUMNI,Non-profit,1/1/10,6/30/12,Resource Efficiency,https://pubs.acs.org/doi/pdf/10.1021/acsami.9b03598?rand=a4qh4ngj,https://onlinelibrary.wiley.com/doi/epdf/10.1002/anie.201310308,https://pubs.rsc.org/en/content/articlelanding/2017/cc/c7cc01055a/unauth#!divAbstract,CO2 Capture Using Electric Fields,Persist,,https://www.nsf.gov/awardsearch/showAward?AWD_ID=1566201&HistoricalAwards=false,https://preserve.lehigh.edu/cgi/viewcontent.cgi?article=3666&context=etd,,,,,,,,,,
1,0,OPEN 2009,https://drive.google.com/file/d/1_gC6c6bd0MqD8Bb7Jbqst05DcyEK3sM7/view?usp=sharing,https://arpa-e.energy.gov/?q=arpa-e-programs/open-2009 ,Porifera,ALUMNI,For-profit,3/1/10,3/31/13,Resource Efficiency,http://www.porifera.com/about-porifera,,,Carbon Nanotube Membranes,Pivot,,"has potential, but need CO2 capture regs; see more potential in alt energy-water membrane",https://ww2.energy.ca.gov/2014publications/CEC-500-2014-064/CEC-500-2014-064.pdf,,,,,,,,,,
1,0,OPEN 2009,https://drive.google.com/file/d/1_gC6c6bd0MqD8Bb7Jbqst05DcyEK3sM7/view?usp=sharing,https://arpa-e.energy.gov/?q=arpa-e-programs/open-2009 ,Soraa,ALUMNI,For-profit,6/6/12,1/31/16,Building Efficiency,https://www.soraa.com/,,,Ammonothermal Growth of GaN Substrates for LEDs,Persist,,journal paper showing it works; website showing progression of tech,,,,,,,,,,,
1,0,OPEN 2009,https://drive.google.com/file/d/1_gC6c6bd0MqD8Bb7Jbqst05DcyEK3sM7/view?usp=sharing,https://arpa-e.energy.gov/?q=arpa-e-programs/open-2009 ,Stanford University,ALUMNI,Non-profit,1/14/10,11/30/16,Resource Efficiency,website doesn't work,,,Behavioral Initiatives for Energy Efficiency,Persist,,received follow on funding and produced report; was successful but unclear if it is still ongoing as it is not really a technology,https://peec.sites.stanford.edu/sites/g/files/sbiybj9616/f/stanford_arpae_final_technical_report_de.complete.pdf,,,,,,,,,,
1,0,OPEN 2009,https://drive.google.com/file/d/1_gC6c6bd0MqD8Bb7Jbqst05DcyEK3sM7/view?usp=sharing,https://arpa-e.energy.gov/?q=arpa-e-programs/open-2009 ,Sun Catalytix,ALUMNI,For-profit,12/31/09,12/31/12,Resource Efficiency,Website under new ownership,https://www.greentechmedia.com/articles/read/mit-energy-storage-spinout-sun-catalytix-assets-acquired-by-lockheed-marti#gs.7erl68,https://www.forbes.com/sites/michaelkanellos/2014/08/26/mit-curse-part-ii-lockheed-martin-scoops-up-sun-catalytix/#8d2b82247917,Energy from Water and Sunlight,Persist,,acquired by Lockheed Martin; unclear if this particular tech Persists,,,,,,,,,,,
1,0,OPEN 2009,https://drive.google.com/file/d/1_gC6c6bd0MqD8Bb7Jbqst05DcyEK3sM7/view?usp=sharing,https://arpa-e.energy.gov/?q=arpa-e-programs/open-2009 ,The Ohio State University,ALUMNI,Non-profit,4/1/10,9/30/14,Resource Efficiency,https://fan-1.engineering.osu.edu/publications,https://static1.squarespace.com/static/566b0ac3df40f3a731712cf4/t/576aaa743e00bef5ce96c52d/1466608255406/NCCC+Final+Report+DE-NT0000749+2008-2014.pdf,,Syngas into Fuel,Persist,,additional funding,https://www.osti.gov/biblio/1487263-pilot-scale-operation-testing-syngas-chemical-looping-hydrogen-production,,,,,,,,,,
1,0,OPEN 2009,https://drive.google.com/file/d/1_gC6c6bd0MqD8Bb7Jbqst05DcyEK3sM7/view?usp=sharing,https://arpa-e.energy.gov/?q=arpa-e-programs/open-2009 ,"University of Illinois, Urbana-Champaign (UIUC)",ALUMNI,Non-profit,3/1/10,8/31/12,Resource Efficiency,http://sinhagroup.mechanical.illinois.edu/index.html,,,Silicon-Based Thermoelectrics,Persist,,continued publication as of 2016,,,,,,,,,,,
1,0,OPEN 2009,https://drive.google.com/file/d/1_gC6c6bd0MqD8Bb7Jbqst05DcyEK3sM7/view?usp=sharing,https://arpa-e.energy.gov/?q=arpa-e-programs/open-2009 ,Nalco,CANCELLED,For-profit,1/18/10,10/13/11,Resource Efficiency,https://www.ecolab.com/nalco-water,,,Using Enzymes to Capture CO2 in Smokestacks,Perish,,can't find on website that list many other of Nalco techs,,,,,,,,,,,
1,0,OPEN 2009,https://drive.google.com/file/d/1_gC6c6bd0MqD8Bb7Jbqst05DcyEK3sM7/view?usp=sharing,https://arpa-e.energy.gov/?q=arpa-e-programs/open-2009 ,NanOasis Technologies,CANCELLED,For-profit,1/1/10,10/14/11,Resource Efficiency,Website doesn't work,,,Use of Carbon Nanotubes for Efficient Reverse Osmosis,Perish,,,,,,,,,,,,,
1,0,OPEN 2009,https://drive.google.com/file/d/1_gC6c6bd0MqD8Bb7Jbqst05DcyEK3sM7/view?usp=sharing,https://arpa-e.energy.gov/?q=arpa-e-programs/open-2009 ,United Technologies Research Center (UTRC),CANCELLED,For-profit,12/15/09,1/9/12,Resource Efficiency,http://www.utrc.utc.com/,,,Using Synthetic Enzymes for Carbon Capture,Perish,,"tech exists, unclear in UTRC still involved",https://sharestory.me/synthetic-catalyst/,,,,,,,,,,
1,0,OPEN 2012,https://drive.google.com/open?id=11ZzOee8woyMAKrGeWGYXkFbi7WwS-d15,https://arpa-e.energy.gov/?q=arpa-e-programs/open-2012,Arizona State University (ASU),ALUMNI,Non-profit,3/12/13,2/28/17,Resource Efficiency,https://sms.asu.edu/daniel_buttry,,,Electrochemical Carbon Capture,Persist,,https://sms.asu.edu/node/854,,,,,,,,,,,
1,0,OPEN 2012,https://drive.google.com/open?id=11ZzOee8woyMAKrGeWGYXkFbi7WwS-d15,https://arpa-e.energy.gov/?q=arpa-e-programs/open-2012,Ceramatec,ALUMNI,For-profit,2/1/13,2/15/15,Resource Efficiency,Website doesn't work,,,"A One-Step, Gas-to-Liquid Chemical Converter",Perish,,no data - ceramatec seems acquired; active research at other places,,,,,,,,,,,
1,0,OPEN 2012,https://drive.google.com/open?id=11ZzOee8woyMAKrGeWGYXkFbi7WwS-d15,https://arpa-e.energy.gov/?q=arpa-e-programs/open-2012,Dioxide Materials,ALUMNI,For-profit,2/1/13,3/6/17,Resource Efficiency,https://dioxidematerials.com/,,,Converting CO2 into Fuel and Chemicals,Persist,,,,,,,,,,,,,
1,0,OPEN 2012,https://drive.google.com/open?id=11ZzOee8woyMAKrGeWGYXkFbi7WwS-d15,https://arpa-e.energy.gov/?q=arpa-e-programs/open-2012,eNova,ALUMNI,For-profit,5/1/13,2/17/14,Resource Efficiency,No website,,,Waste Heat-Powered Gas Compressor,Perish,,no data,,,,,,,,,,,
1,0,OPEN 2012,https://drive.google.com/open?id=11ZzOee8woyMAKrGeWGYXkFbi7WwS-d15,https://arpa-e.energy.gov/?q=arpa-e-programs/open-2012,General Electric (GE) Global Research,ALUMNI,For-profit,4/30/13,7/31/17,Grid,https://arpa-e.energy.gov/sites/default/files/documents/files/GE_OPEN2012_ImpactSheet_02062017_FINAL.pdf,,,High-Power Gas Tube Switches,Persist,,also use for ac interim,,,,,,,,,,,
1,0,OPEN 2012,https://drive.google.com/open?id=11ZzOee8woyMAKrGeWGYXkFbi7WwS-d15,https://arpa-e.energy.gov/?q=arpa-e-programs/open-2012,HexaTech,ALUMNI,For-profit,2/5/13,5/31/16,Grid,http://www.hexatechinc.com/,,,Semiconductors that Improve Electricity Flow,Persist,,,,,,,,,,,,,
1,0,OPEN 2012,https://drive.google.com/open?id=11ZzOee8woyMAKrGeWGYXkFbi7WwS-d15,https://arpa-e.energy.gov/?q=arpa-e-programs/open-2012,Massachusetts Institute of Technology (MIT),ALUMNI,Non-profit,6/1/13,12/31/14,Resource Efficiency,https://be.mit.edu/directory/jongyoon-han,http://www.rle.mit.edu/micronano/publications/,,"Scalable, Low-Power Water Treatment System",Persist,,https://www.nature.com/articles/srep31850,,,,,,,,,,,
1,0,OPEN 2012,https://drive.google.com/open?id=11ZzOee8woyMAKrGeWGYXkFbi7WwS-d15,https://arpa-e.energy.gov/?q=arpa-e-programs/open-2012,Pacific Northwest National Laboratory (PNNL),ALUMNI,Non-profit,4/12/13,7/17/16,Grid,https://arpa-e.energy.gov/sites/default/files/8_PNNL_Huang_GENI3.pdf,https://www.sciencedirect.com/science/article/abs/pii/S0378779616302322,http://sites.ieee.org/pes-hpcgrid/files/2018/07/GridPACK_slides.pdf,Real-Time Transmission Optimization,Persist,,,,,,,,,,,,,
1,0,OPEN 2012,https://drive.google.com/open?id=11ZzOee8woyMAKrGeWGYXkFbi7WwS-d15,https://arpa-e.energy.gov/?q=arpa-e-programs/open-2012,RamGoss,ALUMNI,For-profit,2/11/13,8/10/14,Grid,"No website/recent info, contact works at Breakthrough Energy",,,High-Performance Transistors,Perish,,"tech still active area of research, but can't find antying about company",https://phys.org/news/2018-07-path-high-performance-transistors.html,,,,,,,,,,
1,0,OPEN 2012,https://drive.google.com/open?id=11ZzOee8woyMAKrGeWGYXkFbi7WwS-d15,https://arpa-e.energy.gov/?q=arpa-e-programs/open-2012,Rensselaer Polytechnic Institute (RPI),ALUMNI,Non-profit,3/7/13,3/6/16,Grid,https://scholar.google.com/citations?hl=en&user=uxs7YVwAAAAJ&view_op=list_works&sortby=pubdate,,,High-Power Transistor Switch,Persist,,active research agenda,,,,,,,,,,,
1,0,OPEN 2012,https://drive.google.com/open?id=11ZzOee8woyMAKrGeWGYXkFbi7WwS-d15,https://arpa-e.energy.gov/?q=arpa-e-programs/open-2012,Stanford University,ALUMNI,Non-profit,2/20/13,3/19/18,Building Efficiency,https://arpa-e.energy.gov/sites/default/files/StanfordRadiativeCooling_OPEN2012_ExternalImpactSheet_FINAL.pdf,https://www.nature.com/articles/nature13883,https://www.pnas.org/content/pnas/112/40/12282.full.pdf,Radiative Coolers for Rooftops and Cars,Persist,,nature article about its success,,,,,,,,,,,
1,0,OPEN 2012,https://drive.google.com/open?id=11ZzOee8woyMAKrGeWGYXkFbi7WwS-d15,https://arpa-e.energy.gov/?q=arpa-e-programs/open-2012,"University of California, Berkeley (UC Berkeley)",ALUMNI,Non-profit,4/8/13,11/30/16,Building Efficiency,https://arpa-e.energy.gov/sites/default/files/documents/files/RAPMOD%20Impact%20Sheet-01272017_FINAL.pdf,,,Rapid Building Energy Modeler - RAPMOD,Persist,,,,,,,,,,,,,
1,0,OPEN 2012,https://drive.google.com/open?id=11ZzOee8woyMAKrGeWGYXkFbi7WwS-d15,https://arpa-e.energy.gov/?q=arpa-e-programs/open-2012,"University of California, Berkeley (UC Berkeley)",ALUMNI,Non-profit,3/1/13,6/30/18,Grid,https://arpa-e.energy.gov/sites/default/files/documents/files/UCB_OPEN2012_ExternalProjectImpactSheet_FINAL.pdf,,,Measuring Phase Angle Change in Power Lines,Persist,,,,,,,,,,,,,
1,0,OPEN 2012,https://drive.google.com/open?id=11ZzOee8woyMAKrGeWGYXkFbi7WwS-d15,https://arpa-e.energy.gov/?q=arpa-e-programs/open-2012,"University of Illinois, Urbana-Champaign (UIUC)",ALUMNI,Non-profit,4/5/13,8/31/16,Grid,https://www.osti.gov/biblio/1341011,http://hkn.ieee.org/wp-content/uploads/2017/10/Bridge_2_2016.pdf,,Power Grid Security,Persist,,,,,,,,,,,,,
1,0,OPEN 2012,https://drive.google.com/open?id=11ZzOee8woyMAKrGeWGYXkFbi7WwS-d15,https://arpa-e.energy.gov/?q=arpa-e-programs/open-2012,University of Minnesota (UMN),ALUMNI,Non-profit,3/22/13,9/21/16,Resource Efficiency,https://scholar.google.com/citations?hl=en&user=bzIzJ6cAAAAJ&view_op=list_works&sortby=pubdate,,,Ultra-Thin Membranes for Biofuels Production,Persist,,,,,,,,,,,,,
1,0,OPEN 2012,https://drive.google.com/open?id=11ZzOee8woyMAKrGeWGYXkFbi7WwS-d15,https://arpa-e.energy.gov/?q=arpa-e-programs/open-2012,University of North Dakota Energy & Environmental Research Center (UND-EERC),ALUMNI,Non-profit,4/1/13,6/30/14,Resource Efficiency,https://www.serdp-estcp.org/content/download/48952/466792/file/EW-201723%20Demonstration%20Report.pdf,,,Water-Efficient Power Generation,Persist,,,,,,,,,,,,,
1,0,OPEN 2012,https://drive.google.com/open?id=11ZzOee8woyMAKrGeWGYXkFbi7WwS-d15,https://arpa-e.energy.gov/?q=arpa-e-programs/open-2012,University of Pittsburgh,ALUMNI,Non-profit,5/1/13,4/30/16,Resource Efficiency,https://patents.google.com/patent/US9777122B2/en,https://pubs.acs.org/doi/pdf/10.1021/acs.energyfuels.6b00946?rand=l3np9orf,,CO2 Thickeners for Enhanced Oil and Gas Recovery,Persist,,,,,,,,,,,,,
1,0,OPEN 2012,https://drive.google.com/open?id=11ZzOee8woyMAKrGeWGYXkFbi7WwS-d15,https://arpa-e.energy.gov/?q=arpa-e-programs/open-2012,University of Texas at Austin (UT Austin),ALUMNI,Non-profit,3/28/13,9/26/16,Building Efficiency,https://arpa-e.energy.gov/sites/default/files/documents/files/UTAustin_OPEN2012%20_ExternalProjectImpactSheet_FINAL.pdf,,,Smart Window Coatings,Persist,,,,,,,,,,,,,
1,0,OPEN 2012,https://drive.google.com/open?id=11ZzOee8woyMAKrGeWGYXkFbi7WwS-d15,https://arpa-e.energy.gov/?q=arpa-e-programs/open-2012,Yale University,ALUMNI,Non-profit,4/24/13,12/31/15,Resource Efficiency,https://www.sciencedirect.com/science/article/pii/S0376738817304180,,,Closed-Loop System Using Waste Heat for Electricity,Persist,,tech not currently meeting specs,,,,,,,,,,,
1,0,OPEN 2012,https://drive.google.com/open?id=11ZzOee8woyMAKrGeWGYXkFbi7WwS-d15,https://arpa-e.energy.gov/?q=arpa-e-programs/open-2012,Silicon Power,CANCELLED,For-profit,5/15/13,8/10/15,Grid,https://siliconpower.com/,,,Optical Switches for High-Power Systems,Persist,,,,,,,,,,,,,
1,0,OPEN 2015,https://drive.google.com/open?id=1WJSH11x-Vav4FOWStJvpj7rF-wrYDpSe ,https://arpa-e.energy.gov/?q=arpa-e-programs/open-2015,The Mackinac Technology Company,ALUMNI,For-profit,4/1/16,3/31/18,Building Efficiency,https://www.mackinac-technology.com/index.html,https://info.ornl.gov/sites/publications/Files/Pub108320.pdf,https://www.transit.dot.gov/sites/fta.dot.gov/files/docs/research-innovation/115886/fta-annual-report-public-transportation-innovation-research-projects-fy-2017-fta-report-no-0120.pdf,Single Pane Window Retrofit System,Pivot,,switched to transportation from buildings,,,,,,,,,,,
1,0,ARID,https://drive.google.com/open?id=1qJJT74pfa9ZavvjOt8bplmOBI6B9cBEr ,https://arpa-e.energy.gov/?q=arpa-e-programs/arid,Advanced Cooling Technologies (ACT),ALUMNI,For-profit,8/15/15,12/31/18,Resource Efficiency,https://www.1-act.com/products/pumped-two-phase-cooling-solutions/,,,Cool Storage for Supplemental Cooling,Pivot,,"mention mostly industrial applications, whereas initial bid was for power plants",,,,,,,,,,,
1,0,ARID,https://drive.google.com/open?id=1qJJT74pfa9ZavvjOt8bplmOBI6B9cBEr ,https://arpa-e.energy.gov/?q=arpa-e-programs/arid,General Electric (GE) Global Research,ALUMNI,For-profit,9/1/15,3/2/17,Resource Efficiency,https://patentimages.storage.googleapis.com/dd/3e/fc/079fc9b0f26f48/US20160123229A1.pdf,,,Absorption Heat Pump,Persist,,http://gemeac.com/pdf/Air-Products/GE_AASP_Series_combine.pdf,,,,,,,,,,,
1,0,ARID,https://drive.google.com/open?id=1qJJT74pfa9ZavvjOt8bplmOBI6B9cBEr ,https://arpa-e.energy.gov/?q=arpa-e-programs/arid,Palo Alto Research Center (PARC),ALUMNI,For-profit,8/6/15,5/5/17,Resource Efficiency,https://scholar.google.com/citations?hl=en&user=0VaDO80AAAAJ&view_op=list_works&sortby=pubdate,,,Radiative Film for Supplemental Cooling,Persist,,,,,,,,,,,,,
1,0,ARID,https://drive.google.com/open?id=1qJJT74pfa9ZavvjOt8bplmOBI6B9cBEr ,https://arpa-e.energy.gov/?q=arpa-e-programs/arid,SRI International,ALUMNI,Non-profit,8/5/15,6/6/17,Resource Efficiency,https://www.sri.com/work/projects/static,https://www.sri.com/sites/default/files/brochures/sri_arid_static_2017_datasheet.pdf,,Radiative Film for Supplemental Cooling,Persist,,could also be Pivot; used in commercial applications as well as initial bid application of power plants,,,,,,,,,,,
1,0,ARID,https://drive.google.com/open?id=1qJJT74pfa9ZavvjOt8bplmOBI6B9cBEr ,https://arpa-e.energy.gov/?q=arpa-e-programs/arid,"University of Colorado, Boulder (CU-Boulder)",ALUMNI,Non-profit,7/31/15,9/30/18,Resource Efficiency,http://radi-cool.com/,,,Radiative Cooling and Cold Storage,Persist,,,,,,,,,,,,,
1,0,ARID,https://drive.google.com/open?id=1qJJT74pfa9ZavvjOt8bplmOBI6B9cBEr ,https://arpa-e.energy.gov/?q=arpa-e-programs/arid,TDA Research,CANCELLED,For-profit,8/6/15,8/5/16,Resource Efficiency,,,,Water Recovery for Cooling,Persist,,http://tda.com/emerging-technologies-2/,http://tda.com/patents/,,,,,,,,,,
1,0,ARID,https://drive.google.com/open?id=1qJJT74pfa9ZavvjOt8bplmOBI6B9cBEr ,https://arpa-e.energy.gov/?q=arpa-e-programs/arid,University of Maryland (UMD),CANCELLED,Non-profit,9/1/15,8/13/18,Resource Efficiency,https://patentimages.storage.googleapis.com/a2/96/93/ac695c85608e55/US20160200591A1.pdf,,,Advanced Absorption Cooling,Persist,,,,,,,,,,,,,
1,0,BEETIT,https://drive.google.com/open?id=1uRDlI3aq0jaK1eYPclYMBLDGvs-hlP0O ,https://arpa-e.energy.gov/?q=arpa-e-programs/beetit,ADMA Products,ALUMNI,For-profit,9/1/10,7/31/14,Building Efficiency,https://www.admaproducts.com/,https://patents.google.com/patent/US9555376B2/en,,Membrane Dehumidifier,Persist,,also operates in other markets,,,,,,,,,,,
1,0,BEETIT,https://drive.google.com/open?id=1uRDlI3aq0jaK1eYPclYMBLDGvs-hlP0O ,https://arpa-e.energy.gov/?q=arpa-e-programs/beetit,Architectural Applications (A2),ALUMNI,For-profit,10/15/10,10/14/11,Building Efficiency,http://www.architecturalapplications.com/,https://www.buildinggreen.com/product-review/fa-ade-ventilation-moving-beyond-open-windows,https://www.energy.gov/sites/prod/files/2016/08/f33/30004_Breshears_040716-1015.pdf,Energy Efficient Building Ventilation Systems,Persist,,,,,,,,,,,,,
1,0,BEETIT,https://drive.google.com/open?id=1uRDlI3aq0jaK1eYPclYMBLDGvs-hlP0O ,https://arpa-e.energy.gov/?q=arpa-e-programs/beetit,Astronautics Corporation of America,ALUMNI,For-profit,9/1/10,4/30/14,Building Efficiency,https://astronautics.com/,,,Air Conditioning with Magnetic Refrigeration,Perish,,"not a current tech on website, although they may be using something in an aviation",,,,,,,,,,,
1,0,BEETIT,https://drive.google.com/open?id=1uRDlI3aq0jaK1eYPclYMBLDGvs-hlP0O ,https://arpa-e.energy.gov/?q=arpa-e-programs/beetit,Battelle Memorial Institute,ALUMNI,Non-profit,9/1/10,12/30/11,Building Efficiency,,,,Cascade Reverse Osmosis Air Conditioning System,Perish,,no current info,,,,,,,,,,,
1,0,BEETIT,https://drive.google.com/open?id=1uRDlI3aq0jaK1eYPclYMBLDGvs-hlP0O ,https://arpa-e.energy.gov/?q=arpa-e-programs/beetit,Dais Analytic Corporation,ALUMNI,For-profit,10/1/10,2/29/12,Building Efficiency,https://daisanalytic.com/,,,Dehumidifying Air for Cooling & Refrigeration,Persist,,,,,,,,,,,,,
1,0,BEETIT,https://drive.google.com/open?id=1uRDlI3aq0jaK1eYPclYMBLDGvs-hlP0O ,https://arpa-e.energy.gov/?q=arpa-e-programs/beetit,Georgia Tech Research Corporation,ALUMNI,Non-profit,9/1/10,6/30/14,Building Efficiency,http://www.me.gatech.edu/news/garimelladodarpae,https://www.sciencedirect.com/science/article/pii/S0140700718300069,https://patents.google.com/patent/US20110180235A1/en,Innovative Miniaturized Heat Pumps for Buildings,Persist,,,,,,,,,,,,,
1,0,BEETIT,https://drive.google.com/open?id=1uRDlI3aq0jaK1eYPclYMBLDGvs-hlP0O ,https://arpa-e.energy.gov/?q=arpa-e-programs/beetit,Pacific Northwest National Laboratory (PNNL),ALUMNI,Non-profit,9/15/10,7/31/15,Building Efficiency,https://www.pnnl.gov/news/release.aspx?id=806,https://www.nature.com/articles/ncomms5368.pdf,https://energyenvironment.pnnl.gov/pdf/NAVY_Flier_ARPAE.pdf,High-Efficiency Adsorption Chillers,Persist,,,,,,,,,,,,,
1,0,BEETIT,https://drive.google.com/open?id=1uRDlI3aq0jaK1eYPclYMBLDGvs-hlP0O ,https://arpa-e.energy.gov/?q=arpa-e-programs/beetit,Pennsylvania State University (Penn State),ALUMNI,Non-profit,9/1/10,7/31/14,Building Efficiency,Steven Garrett,https://www.forbes.com/sites/johnkoetsier/2019/01/18/this-dutch-startup-converts-heat-into-cold-via-a-stirling-engine-and-could-just-save-the-planet/#3840a2346744,,Helium-Based Soundwave Chiller,Persist,,"https://scholar.google.com/scholar?as_ylo=2015&q=Robert+Keolian&hl=en&as_sdt=0,31",,,,,,,,,1,,
1,0,BEETIT,https://drive.google.com/open?id=1uRDlI3aq0jaK1eYPclYMBLDGvs-hlP0O ,https://arpa-e.energy.gov/?q=arpa-e-programs/beetit,Sheetak,ALUMNI,For-profit,9/1/10,6/30/15,Building Efficiency,http://www.sheetak.com/,,,High-Efficiency Solid State Cooling Technologies,Persist,,,,,,,,,,,,,
1,0,BEETIT,https://drive.google.com/open?id=1uRDlI3aq0jaK1eYPclYMBLDGvs-hlP0O ,https://arpa-e.energy.gov/?q=arpa-e-programs/beetit,United Technologies Research Center (UTRC),ALUMNI,For-profit,9/2/10,8/31/14,Building Efficiency,https://patents.google.com/patent/US20170030611A1/en?q=liquid+desiccant&assignee=United+Technologies+Research+Center,https://www.techconnect.org/news/entry.html?id=221,https://www.carrier.com/commercial/en/us/products/packaged-outdoor/outdoor-packaged-units/,Liquid Desiccant in Air Conditioners,Persist,,,,,,,,,,,,,
1,0,BEETIT,https://drive.google.com/open?id=1uRDlI3aq0jaK1eYPclYMBLDGvs-hlP0O ,https://arpa-e.energy.gov/?q=arpa-e-programs/beetit,"University of California, Los Angeles (UCLA)",ALUMNI,Non-profit,10/1/10,9/30/12,Building Efficiency,http://www.seas.ucla.edu/mtsl/,https://science.sciencemag.org/content/sci/357/6356/1130.full.pdf,,Compact Solid State Cooling Systems,Persist,,,,,,,,,,,,,
1,0,BEETIT,https://drive.google.com/open?id=1uRDlI3aq0jaK1eYPclYMBLDGvs-hlP0O ,https://arpa-e.energy.gov/?q=arpa-e-programs/beetit,University of Florida,ALUMNI,Non-profit,9/1/10,8/31/15,Building Efficiency,http://mae.ufl.edu/neslabs/,https://patentimages.storage.googleapis.com/2d/87/ae/d34b986f691997/US20190072303A1.pdf,,Membrane-Based Absorption Refrigeration Systems,Persist,,,,,,,,,,,,,
1,0,BEETIT,https://drive.google.com/open?id=1uRDlI3aq0jaK1eYPclYMBLDGvs-hlP0O ,https://arpa-e.energy.gov/?q=arpa-e-programs/beetit,University of Maryland (UMD),ALUMNI,Non-profit,10/1/10,3/6/17,Building Efficiency,https://mse.umd.edu/clark/faculty/722/Ichiro-Takeuchi,https://patents.google.com/patent/US20190085228A1/en,https://www.nature.com/articles/s41467-018-06626-y,Elastic Metal Alloy Refrigerants,Persist,,,,,,,,,,,,,
1,0,BEETIT,https://drive.google.com/open?id=1uRDlI3aq0jaK1eYPclYMBLDGvs-hlP0O ,https://arpa-e.energy.gov/?q=arpa-e-programs/beetit,University of Notre Dame,ALUMNI,Non-profit,10/1/10,9/30/13,Building Efficiency,https://wfschneidergroup.github.io/,,,Carbon Dioxide and Ionic Liquid Refrigerants,Persist,,looked at applications other than refrigerants,,,,,,,,,,,
1,0,BEETIT,https://drive.google.com/open?id=1uRDlI3aq0jaK1eYPclYMBLDGvs-hlP0O ,https://arpa-e.energy.gov/?q=arpa-e-programs/beetit,Material Methods,CANCELLED,For-profit,9/15/10,9/21/11,Building Efficiency,http://materialmethods.com/index.html,,,Sound Wave Refrigerants,Persist,,https://www.phononic.com/,company website does not mention project,,,,,,,,,,
1,0,BEETIT,https://drive.google.com/open?id=1uRDlI3aq0jaK1eYPclYMBLDGvs-hlP0O ,https://arpa-e.energy.gov/?q=arpa-e-programs/beetit,United Technologies Research Center (UTRC),CANCELLED,For-profit,9/2/10,3/16/12,Building Efficiency,http://www.utrc.utc.com/,,,Water-Based Refrigerants,Perish,,cannot find data on techn,,,,,,,,,,,
1,0,DELTA,https://drive.google.com/open?id=1ZVUUcPDHm5-8ddOv4sJ4ZuVFtsErCGii ,https://arpa-e.energy.gov/?q=arpa-e-programs/delta,Cornell University,ALUMNI,Non-profit,4/27/15,8/15/18,Building Efficiency,https://patents.google.com/patent/US20170172227A1/en,,,Thermoregulatory Clothing System,Persist,,,,,,,,,,,,,
1,0,DELTA,https://drive.google.com/open?id=1ZVUUcPDHm5-8ddOv4sJ4ZuVFtsErCGii ,https://arpa-e.energy.gov/?q=arpa-e-programs/delta,SRI International,ALUMNI,Non-profit,5/1/15,9/30/18,Building Efficiency,https://arpa-e.energy.gov/sites/default/files/18_SRI_DELTA_ProgramKickoff_0.pdf,https://arpa-e.energy.gov/sites/default/files/8.%20SRI%20Pitch%20for%20ARPA-E_DELTA%20SEPT-2017%20public.pdf,https://www.sri.com/blog/wearable-active-textiles-personal-cooling-and-heating-saving-energy-and-increasing-comfort,Wearable Electroactive Textile,Persist,https://science.sciencemag.org/content/357/6356/1130,,,,,,,,,,,,
1,0,DELTA,https://drive.google.com/open?id=1ZVUUcPDHm5-8ddOv4sJ4ZuVFtsErCGii ,https://arpa-e.energy.gov/?q=arpa-e-programs/delta,The State University of New York (SUNY) at Stony Brook,ALUMNI,Non-profit,5/5/15,7/30/18,Building Efficiency,https://nesywangsbu.wixsite.com/yawang/blank-c151z,,,Electroactive Smart Air-Conditioner VEnt Registers (eSAVER),Persist,,,,,,,,,,,,,
1,0,DELTA,https://drive.google.com/open?id=1ZVUUcPDHm5-8ddOv4sJ4ZuVFtsErCGii ,https://arpa-e.energy.gov/?q=arpa-e-programs/delta,"University of California, Berkeley (UC Berkeley)",ALUMNI,Non-profit,5/14/15,6/30/18,Building Efficiency,https://witricity.com/technology/,,,Wirelessly Powered Heating and Cooling Devices,Persist,https://scholar.google.com/citations?hl=en&user=8rRFSEgAAAAJ&view_op=list_works&sortby=pubdate,,,,,,,,,,,,
1,0,DELTA,https://drive.google.com/open?id=1ZVUUcPDHm5-8ddOv4sJ4ZuVFtsErCGii ,https://arpa-e.energy.gov/?q=arpa-e-programs/delta,"University of California, Irvine (UC Irvine)",ALUMNI,Non-profit,4/20/15,4/19/18,Building Efficiency,http://innovation.uci.edu/2019/01/uci-professor-alon-gorodetsky-turns-science-fiction-into-reality/,,,Thermocomfort Cloth,Persist,,,,,,,,,,,,,
1,0,DELTA,https://drive.google.com/open?id=1ZVUUcPDHm5-8ddOv4sJ4ZuVFtsErCGii ,https://arpa-e.energy.gov/?q=arpa-e-programs/delta,"University of California, San Diego (UC San Diego)",ALUMNI,Non-profit,5/7/15,9/6/18,Building Efficiency,https://www.biolinq.me/,https://scholar.google.com/citations?hl=en&user=0DEykT4AAAAJ&view_op=list_works&sortby=pubdate,,Adaptive Textiles Technology,Persist,,,,,,,,,,,,,
1,0,DELTA,https://drive.google.com/open?id=1ZVUUcPDHm5-8ddOv4sJ4ZuVFtsErCGii ,https://arpa-e.energy.gov/?q=arpa-e-programs/delta,University of Maryland (UMD),ALUMNI,Non-profit,4/15/15,5/12/18,Building Efficiency,http://mobilecomfort.us/,http://www.ceee.umd.edu/roco,,Robotic Personal Conditioning Device,Persist,,,,,,,,,,,,,
1,0,DELTA,https://drive.google.com/open?id=1ZVUUcPDHm5-8ddOv4sJ4ZuVFtsErCGii ,https://arpa-e.energy.gov/?q=arpa-e-programs/delta,University of Maryland (UMD),ALUMNI,Non-profit,5/1/15,9/30/18,Building Efficiency,https://science.sciencemag.org/content/363/6427/619.abstract,,,Meta-Cooling Textile,Persist,,,,,,,,,,,,,
1,0,DELTA,https://drive.google.com/open?id=1ZVUUcPDHm5-8ddOv4sJ4ZuVFtsErCGii ,https://arpa-e.energy.gov/?q=arpa-e-programs/delta,Stanford University,CANCELLED,Non-profit,4/30/15,9/30/17,Building Efficiency,https://science.sciencemag.org/content/353/6303/1019/tab-pdf,https://reader.elsevier.com/reader/sd/pii/S2542435119301552?token=1E7E8736B21E15CB51887552F6E198B517120A3B64E2E8C2D6552FC1B200CF14ABF08F612433406C174E21BB9A3B4615,https://patents.google.com/patent/US20190008217A1/en,Photonic Structure Textiles,Persist,,,,,,,,,,,,,
1,0,GENI,https://drive.google.com/open?id=1cOpjiPpGdDtG-AT8EDryiONh8jWKK48x ,https://arpa-e.energy.gov/?q=arpa-e-programs/geni,AutoGrid,ALUMNI,For-profit,1/11/12,3/31/14,Grid,https://www.auto-grid.com/platform/autogrid-flex/,https://arpa-e.energy.gov/?q=impact-sheet/autogrid-geni,,Integration of Renewables via Demand Management,Persist,,,,,,,,,,,,,
1,0,GENI,https://drive.google.com/open?id=1cOpjiPpGdDtG-AT8EDryiONh8jWKK48x ,https://arpa-e.energy.gov/?q=arpa-e-programs/geni,Boston University (BU),ALUMNI,Non-profit,4/19/13,3/31/16,Grid,http://newgridinc.com/about-us/,,,Decision-Support Software for Grid Operators,Persist,,,,,,,,,,,,,1
1,0,GENI,https://drive.google.com/open?id=1cOpjiPpGdDtG-AT8EDryiONh8jWKK48x ,https://arpa-e.energy.gov/?q=arpa-e-programs/geni,California Institute of Technology (Caltech),ALUMNI,Non-profit,3/1/12,6/1/15,Grid,http://netlab.caltech.edu/research/power-systems-dynamics,https://patents.google.com/patent/US20160036225A1/en,,Scalable Distributed Automation System,Persist,,,,,,,,,,,,,
1,0,GENI,https://drive.google.com/open?id=1cOpjiPpGdDtG-AT8EDryiONh8jWKK48x ,https://arpa-e.energy.gov/?q=arpa-e-programs/geni,Cornell University,ALUMNI,Non-profit,2/8/12,8/7/15,Grid,https://www.engineering.cornell.edu/faculty-directory/ken-birman,,,Cloud Computing for the Grid,Persist,,http://www.cs.cornell.edu/Projects/gridcontrol/,,,,,,,,,,,
1,0,GENI,https://drive.google.com/open?id=1cOpjiPpGdDtG-AT8EDryiONh8jWKK48x ,https://arpa-e.energy.gov/?q=arpa-e-programs/geni,General Atomics,ALUMNI,For-profit,1/9/12,7/31/13,Grid,http://www.ga.com/,,,Low-Insertion HVDC Circuit Breaker,Perish,,no data,,,,,,,,,,,
1,0,GENI,https://drive.google.com/open?id=1cOpjiPpGdDtG-AT8EDryiONh8jWKK48x ,https://arpa-e.energy.gov/?q=arpa-e-programs/geni,General Electric (GE) Global Research,ALUMNI,For-profit,2/24/12,5/31/14,Grid,https://ieeexplore.ieee.org/stamp/stamp.jsp?arnumber=7934968,https://patents.google.com/patent/EP3007177A1/en,https://arpa-e.energy.gov/sites/default/files/15_GE_Sellick_GENI3.pdf,Cost-Effective Cable Insulation,Persist,,,,,,,,,,,,,
1,0,GENI,https://drive.google.com/open?id=1cOpjiPpGdDtG-AT8EDryiONh8jWKK48x ,https://arpa-e.energy.gov/?q=arpa-e-programs/geni,General Electric (GE) Global Research,ALUMNI,For-profit,1/23/12,1/22/15,Grid,https://arpa-e.energy.gov/sites/default/files/15_GE_Sellick_GENI3.pdf,https://ieeexplore.ieee.org/stamp/stamp.jsp?tp=&arnumber=7140611,https://www.gegridsolutions.com/Power_Projects.htm,Connecting Renewables Directly to the Grid,Persist,,,,,,,,,,,,,
1,0,GENI,https://drive.google.com/open?id=1cOpjiPpGdDtG-AT8EDryiONh8jWKK48x ,https://arpa-e.energy.gov/?q=arpa-e-programs/geni,Georgia Tech Research Corporation,ALUMNI,Non-profit,1/11/12,2/15/15,Grid,https://prosumergrid.com/about/,https://arpa-e.energy.gov/?q=slick-sheet-project/distribution-operator-simulation-studio,,"Autonomous, Decentralized Grid Architecture",Persist,,https://prosumergrid.com/,,,,,,,,,,,1
1,0,GENI,https://drive.google.com/open?id=1cOpjiPpGdDtG-AT8EDryiONh8jWKK48x ,https://arpa-e.energy.gov/?q=arpa-e-programs/geni,Michigan State University (MSU),ALUMNI,Non-profit,2/8/12,11/15/15,Grid,https://www.switchedsource.com/,https://innovationcenter.msu.edu/news/startup-spotlight-switched-source-transformerless-upfc,,Power Flow Controller for Renewables,Persist,,,,,,,,,,,,,1
1,0,GENI,https://drive.google.com/open?id=1cOpjiPpGdDtG-AT8EDryiONh8jWKK48x ,https://arpa-e.energy.gov/?q=arpa-e-programs/geni,Oak Ridge National Laboratory (ORNL),ALUMNI,Non-profit,2/24/12,6/30/17,Grid,https://arpa-e.energy.gov/sites/default/files/13_ORNL_Dimitrovski_GENI3.pdf,https://patents.google.com/patent/US20170324389A1/en,,Magnetic Amplifier for Power Flow Control,Persist,,,,,,,,,,,,,
1,0,GENI,https://drive.google.com/open?id=1cOpjiPpGdDtG-AT8EDryiONh8jWKK48x ,https://arpa-e.energy.gov/?q=arpa-e-programs/geni,Sandia National Laboratories,ALUMNI,Non-profit,4/1/12,1/16/15,Grid,https://energy.sandia.gov/sandia-develops-stochastic-production-cost-model-simulator-for-electric-power-systems/,,,Probability-Based Software for Grid Optimization,Perish,,"nothing within last three years, although PI is active",https://scholar.google.com/citations?hl=en&user=yhYHHhoAAAAJ&view_op=list_works&sortby=pubdate,,,,,,,,,,
1,0,GENI,https://drive.google.com/open?id=1cOpjiPpGdDtG-AT8EDryiONh8jWKK48x ,https://arpa-e.energy.gov/?q=arpa-e-programs/geni,Smart Wire Grid,ALUMNI,For-profit,4/23/12,9/30/14,Grid,https://www.smartwires.com/,https://arpa-e.energy.gov/?q=impact-sheet/smart-wires-geni,,Distributed Power Flow Control,Persist,,,,,,,,,,,,,
1,0,GENI,https://drive.google.com/open?id=1cOpjiPpGdDtG-AT8EDryiONh8jWKK48x ,https://arpa-e.energy.gov/?q=arpa-e-programs/geni,Texas Engineering Experiment Station (TEES),ALUMNI,Non-profit,3/1/12,6/30/15,Grid,http://smartgridcenter.tamu.edu/sgctamu/index.php/projects/,https://arpa-e.energy.gov/sites/default/files/6_TEES_Kezunovic_GENI3.pdf,https://www.ferc.gov/CalendarFiles/20150623084846-W2-A%20-%202%20-%20HEDMAN%20-%20Hedman_FERC_20150624_Final.pdf,Automated Grid Disruption Response System,Perish,,"research group active, but nothing for RATC project in the past three years",,,,,,,,,,,
1,0,GENI,https://drive.google.com/open?id=1cOpjiPpGdDtG-AT8EDryiONh8jWKK48x ,https://arpa-e.energy.gov/?q=arpa-e-programs/geni,University of Washington (UW),ALUMNI,Non-profit,3/1/12,10/14/15,Grid,https://ieeexplore.ieee.org/stamp/stamp.jsp?tp=&arnumber=7587806,,,Renewable Energy Positioning System,Persist,,,,,,,,,,,,,
1,0,GENI,https://drive.google.com/open?id=1cOpjiPpGdDtG-AT8EDryiONh8jWKK48x ,https://arpa-e.energy.gov/?q=arpa-e-programs/geni,Varentec,ALUMNI,For-profit,1/3/12,5/31/16,Grid,http://varentec.com/,https://arpa-e.energy.gov/sites/default/files/Varentec_GENI_ExternalImpactSheet_FINAL.pdf,,Dynamic Power Flow Controller,Persist,,,,,,,,,,,,,
1,0,GRID DATA,https://drive.google.com/open?id=1FzSUlM3KWu__F6pwMPY_MS8QA2d92OE6 ,https://arpa-e.energy.gov/?q=arpa-e-programs/grid-data,"University of Illinois, Urbana-Champaign (UIUC)",ALUMNI,Non-profit,6/20/16,12/31/18,Grid,https://ece.illinois.edu/directory/profile/psauer,https://bettergrids.org/media/university-of-illinois,,Synthetic Data for Power Grid R&amp;D,Persist,,,,,,,,,,,,,
1,0,GRID DATA,https://drive.google.com/open?id=1FzSUlM3KWu__F6pwMPY_MS8QA2d92OE6 ,https://arpa-e.energy.gov/?q=arpa-e-programs/grid-data,University of Michigan,ALUMNI,Non-profit,5/27/16,11/26/18,Grid,,https://db.bettergrids.org/bettergrids/handle/1001/96,,Transmission System Data Set,Persist,,,,,,,,,,,,,
1,0,IDEAS,https://drive.google.com/open?id=1A8u4oPAB431zgUzwqNS9vZSoChhWbBwl ,https://arpa-e.energy.gov/?q=arpa-e-programs/ideas,Bigwood Systems,ALUMNI,For-profit,3/18/15,6/30/16,Grid,https://patents.google.com/patent/US9964980B2/en,,,Global-Optimal Power Flow (G-OPF),Persist,,,,,,,,,,,,,
1,0,IDEAS,https://drive.google.com/open?id=1A8u4oPAB431zgUzwqNS9vZSoChhWbBwl ,https://arpa-e.energy.gov/?q=arpa-e-programs/ideas,Colorado School of Mines,ALUMNI,Non-profit,3/13/17,9/12/18,Resource Efficiency,https://pubs.rsc.org/en/content/articlehtml/2019/me/c8me00073e,,,Thermoelectric Materials Discovery,Persist,,,,,,,,,,,,,
1,0,IDEAS,https://drive.google.com/open?id=1A8u4oPAB431zgUzwqNS9vZSoChhWbBwl ,https://arpa-e.energy.gov/?q=arpa-e-programs/ideas,Johns Hopkins University,ALUMNI,Non-profit,2/15/16,12/31/17,Resource Efficiency,https://www.osti.gov/servlets/purl/1430495,,,Adsorption Compression on Chemical Reactions,Persist,,https://hub.jhu.edu/2018/06/01/reduce-emissions-exhaust-catalyst-system/,,,,,,,,,,,
1,0,IDEAS,https://drive.google.com/open?id=1A8u4oPAB431zgUzwqNS9vZSoChhWbBwl ,https://arpa-e.energy.gov/?q=arpa-e-programs/ideas,Northeastern University,ALUMNI,Non-profit,9/1/16,12/31/17,Building Efficiency,https://web.northeastern.edu/nanomagnetism/research/,,,Materials for Magnetocaloric Applications,Persist,,https://scholar.google.com/citations?hl=en&user=cLMm3tkAAAAJ&view_op=list_works&sortby=pubdate,,,,,,,,,,,
1,0,IDEAS,https://drive.google.com/open?id=1A8u4oPAB431zgUzwqNS9vZSoChhWbBwl ,https://arpa-e.energy.gov/?q=arpa-e-programs/ideas,Otherlab,ALUMNI,For-profit,3/1/17,3/19/18,Grid,https://www.otherlab.com/blog-posts/us-energy-flow-super-sankey,http://www.departmentof.energy/,,Visualizing Energy Dat,Persist,,,,,,,,,,,,,
1,0,IDEAS,https://drive.google.com/open?id=1A8u4oPAB431zgUzwqNS9vZSoChhWbBwl ,https://arpa-e.energy.gov/?q=arpa-e-programs/ideas,Palo Alto Research Center (PARC),ALUMNI,For-Profit,12/17/15,3/31/17,Resource Efficiency,http://www.arpae-summit.com/paperclip/exhibitor_docs/16AE/PARC_a_Xerox_Company_991.pdf,,,Large-Area Thermoelectric Generators,Persist,,,,,,,,,,,,,
1,0,IDEAS,https://drive.google.com/open?id=1A8u4oPAB431zgUzwqNS9vZSoChhWbBwl ,https://arpa-e.energy.gov/?q=arpa-e-programs/ideas,Signetron,ALUMNI,For-profit,7/6/15,7/5/16,Building Efficiency,Website doesn't work,https://www.bloomberg.com/profile/company/0939307D:US,,Mobile Building Audits,Perish,,no data,,,,,,,,,,,
1,0,IMPACCT,https://drive.google.com/open?id=1Vwj77_rTsFLp29n6dBPR2VLjlVUGHmou ,https://arpa-e.energy.gov/?q=arpa-e-programs/impacct,Alliant Techsystems (ATK),ALUMNI,For-profit,7/1/10,6/30/13,Resource Efficiency,https://en.wikipedia.org/wiki/Orbital_Sciences_Corporation,http://acentlabs.com/business-areas/carbon-capture/,,Supersonic Technology for CO2 Capture,Persist,,https://www.osti.gov/biblio/1394653,could also be Perish given technological difficulties,,,,,,,,,,
1,0,IMPACCT,https://drive.google.com/open?id=1Vwj77_rTsFLp29n6dBPR2VLjlVUGHmou ,https://arpa-e.energy.gov/?q=arpa-e-programs/impacct,Codexis,ALUMNI,For-profit,7/1/10,6/30/12,Resource Efficiency,https://www.codexis.com/,,,Better Enzymes for Carbon Capture,Persist,,https://www.pnas.org/content/111/46/16436.short,"can also be Pivot, given that there has been no activity on co2 capture since 2014",,,,,,,,,,
1,0,IMPACCT,https://drive.google.com/open?id=1Vwj77_rTsFLp29n6dBPR2VLjlVUGHmou ,https://arpa-e.energy.gov/?q=arpa-e-programs/impacct,Columbia University,ALUMNI,Non-profit,7/16/10,1/15/14,Resource Efficiency,https://scholar.google.com/citations?hl=en&user=jaoxVkQAAAAJ&view_op=list_works&sortby=pubdate,https://www.arpa-e.energy.gov/sites/default/files/documents/files/CO2_Workshop_Columbia.pdf,,Chemically Accelerated Carbon Mineralization,Persist,,,,,,,,,,,,,
1,0,IMPACCT,https://drive.google.com/open?id=1Vwj77_rTsFLp29n6dBPR2VLjlVUGHmou ,https://arpa-e.energy.gov/?q=arpa-e-programs/impacct,General Electric (GE) Global Research,ALUMNI,For-profit,10/1/10,9/30/13,Resource Efficiency,https://www.netl.doe.gov/sites/default/files/netl-file/Carbon-Capture-Technology-Compendium-2018.pdf,https://www.netl.doe.gov/sites/default/files/event-proceedings/2016/c02%20cap%20review/3-Wednesday/T-Westendorf-GE-Phase-Changing-Absorbent.pdf,https://www.osti.gov/servlets/purl/1182556,CO2 Capture with Liquid-to-Solid Absorbents,Persist,,,,,,,,,,,,,
1,0,IMPACCT,https://drive.google.com/open?id=1Vwj77_rTsFLp29n6dBPR2VLjlVUGHmou ,https://arpa-e.energy.gov/?q=arpa-e-programs/impacct,Georgia Tech Research Corporation,ALUMNI,Non-profit,7/1/10,10/31/12,Resource Efficiency,https://scholar.google.com/scholar?hl=en&as_sdt=0%2C31&q=David+Sholl+arpa-e+carbon+capture&btnG=,https://pubs.acs.org/doi/pdf/10.1021/co3000192?rand=bl4h8m2b,,Composite Membranes for CO2 Capture,Persist,,,,,,,,,,,,,
1,0,IMPACCT,https://drive.google.com/open?id=1Vwj77_rTsFLp29n6dBPR2VLjlVUGHmou ,https://arpa-e.energy.gov/?q=arpa-e-programs/impacct,Lawrence Livermore National Laboratory (LLNL),ALUMNI,Non-profit,8/15/10,12/31/14,Resource Efficiency,https://www.sciencedirect.com/science/article/pii/S187661021300115X,https://www.netl.doe.gov/sites/default/files/event-proceedings/2013/co2%20capture/R-Aines-LLNL-Catalytic-Improvement-of-CCS.pdf,https://www.osti.gov/biblio/1343362,Synthetic Catalysts for CO2 Storage,Persist,,"can also be Perish, given it was not successul and nothing since 2016",,,,,,,,,,,
1,0,IMPACCT,https://drive.google.com/open?id=1Vwj77_rTsFLp29n6dBPR2VLjlVUGHmou ,https://arpa-e.energy.gov/?q=arpa-e-programs/impacct,Massachusetts Institute of Technology (MIT),ALUMNI,Non-profit,7/1/10,1/31/13,Resource Efficiency,https://www.arpa-e.energy.gov/sites/default/files/documents/files/CO2_Workshop_MIT.pdf,https://search.siemens.com/en/?lang=en&site=siemens_c_ww&q=carbon%20capture&lr=lang_en&collapse=true&class=search%2Cbanner%2Ctext&_charset=UTF-8,https://scholar.google.com/citations?hl=en&user=LS8ZyFQAAAAJ&view_op=list_works&sortby=pubdate,CO2 Capture Using Electrical Energy,Persist,,,,,,,,,,,,,
1,0,IMPACCT,https://drive.google.com/open?id=1Vwj77_rTsFLp29n6dBPR2VLjlVUGHmou ,https://arpa-e.energy.gov/?q=arpa-e-programs/impacct,Oak Ridge National Laboratory (ORNL),ALUMNI,Non-profit,7/1/10,8/15/13,Resource Efficiency,https://www.ornl.gov/staff-profile/sheng-dai?page=5,https://reader.elsevier.com/reader/sd/pii/S0032386112008737?token=71103BD6BF42623B82FC933EC7D7218728FBA0E130F326C097B0698DEAAC364E3A24A3F00053A42DF2DFCD7A7D6E3CFF,,High Surface-Area CO2 Sponge,Persist,,,,,,,,,,,,,
1,0,IMPACCT,https://drive.google.com/open?id=1Vwj77_rTsFLp29n6dBPR2VLjlVUGHmou ,https://arpa-e.energy.gov/?q=arpa-e-programs/impacct,Research Triangle Institute (RTI),ALUMNI,Non-profit,7/1/10,9/30/13,Resource Efficiency,https://arpa-e.energy.gov/sites/default/files/documents/files/RTI_ExternalImpactSheet_FINAL.pdf,,,CO2 Capture and Regeneration at Low Temperatures,Persist,,,,,,,,,,,,,
1,0,IMPACCT,https://drive.google.com/open?id=1Vwj77_rTsFLp29n6dBPR2VLjlVUGHmou ,https://arpa-e.energy.gov/?q=arpa-e-programs/impacct,Sustainable Energy Solutions (SES),ALUMNI,For-profit,7/14/10,3/31/15,Resource Efficiency,https://sesinnovation.com/,https://www.netl.doe.gov/sites/default/files/netl-file/Carbon-Capture-Technology-Compendium-2018.pdf,,Capturing CO2 from Exhaust Gas,Persist,,,,,,,,,,,,,
1,0,IMPACCT,https://drive.google.com/open?id=1Vwj77_rTsFLp29n6dBPR2VLjlVUGHmou ,https://arpa-e.energy.gov/?q=arpa-e-programs/impacct,Texas A&M University,ALUMNI,Non-profit,7/1/10,9/30/12,Resource Efficiency,https://www.chem.tamu.edu/rgroup/zhou/research.html,http://www.framergy.com/AYRSORB-F100,,Stimuli-Responsive Metal Organic Frameworks,Pivot,,,,,,,,,,,,,
1,0,IMPACCT,https://drive.google.com/open?id=1Vwj77_rTsFLp29n6dBPR2VLjlVUGHmou ,https://arpa-e.energy.gov/?q=arpa-e-programs/impacct,"University of California, Berkeley (UC Berkeley)",ALUMNI,Non-profit,7/1/10,9/25/15,Resource Efficiency,https://www.cyclotronroad.org/journal/2018/9/19/cyclotron-road-fellows-attract-dept-of-energy-funding,https://arpa-e.energy.gov/sites/default/files/documents/files/UCB_IMPACCT_ExternalImpactSheet_FINAL_0.pdf,,Metal Organic Framework Research,Persist,,,,,,,,,,,,,
1,0,IMPACCT,https://drive.google.com/open?id=1Vwj77_rTsFLp29n6dBPR2VLjlVUGHmou ,https://arpa-e.energy.gov/?q=arpa-e-programs/impacct,"University of Colorado, Boulder (CU-Boulder)",ALUMNI,Non-profit,2/1/11,7/31/14,Resource Efficiency,https://www.netl.doe.gov/sites/default/files/event-proceedings/2013/co2%20capture/R-Singh-LANL-Gelled-IL-Membranes.pdf,https://permalink.lanl.gov/object/tr?what=info:lanl-repo/lareport/LA-UR-13-25438,,Gelled Ionic Liquid-Based Membranes,Persist,,https://www.osti.gov/biblio/1046664-gelled-ionic-liquid-based-membranes-achieving-gpu-permeance-post-combustion-carbon-capture-gelled-ionic-liquid-based-membranes,https://www.sciencedirect.com/science/article/pii/S1876610214018396,,,,,,,,,,
1,0,IMPACCT,https://drive.google.com/open?id=1Vwj77_rTsFLp29n6dBPR2VLjlVUGHmou ,https://arpa-e.energy.gov/?q=arpa-e-programs/impacct,University of Notre Dame,ALUMNI,Non-profit,7/1/10,12/31/13,Resource Efficiency,https://news.nd.edu/news/brennecke-receives-2-5-million-energy-research-grant/,https://www.osti.gov/servlets/purl/1507392/,https://www.osti.gov/servlets/purl/1530159/,Phase-Changing Ionic Liquids,Persist,,,,,,,,,,,,,
1,0,IMPACCT,https://drive.google.com/open?id=1Vwj77_rTsFLp29n6dBPR2VLjlVUGHmou ,https://arpa-e.energy.gov/?q=arpa-e-programs/impacct,University of Kentucky,CANCELLED,Non-profit,7/1/10,4/18/13,Resource Efficiency,https://www.osti.gov/servlets/purl/1425200,,,Hybrid Solvent-Membrane CO2 Capture,Persist,,,,,,,,,,,,,
1,0,MONITOR,https://drive.google.com/open?id=19n0RdThXpmDDgges2NinhMmiQoenGy1R ,https://arpa-e.energy.gov/?q=arpa-e-programs/monitor,Aeris Technologies,ALUMNI,For-profit,4/15/15,8/26/18,Resource Efficiency,http://aerissensors.com/,https://arpa-e.energy.gov/sites/default/files/Aeris-MONITOR-May1.pdf,,Methane Leak Detection System,Persist,,,,,,,,,,,,,
1,0,MONITOR,https://drive.google.com/open?id=19n0RdThXpmDDgges2NinhMmiQoenGy1R ,https://arpa-e.energy.gov/?q=arpa-e-programs/monitor,General Electric (GE) Global Research,ALUMNI,For-profit,5/8/15,8/7/18,Resource Efficiency,https://www.spiedigitallibrary.org/conference-proceedings-of-spie/9852/985210/Fugitive-methane-leak-detection-using-mid-infrared-hollow-core-photonic/10.1117/12.2229084.full?SSO=1,https://patents.google.com/patent/US9823184B1/en,https://www.bhge.com/news/bhge-launches-lumen-ground-drone-based-advanced-methane-detection-reduction-system,Optical Fibers for Methane Detection,Persist,https://www.scientia.global/dr-bill-challener-exploiting-fibre-optics-for-detecting-pipeline-leaks/,,,,,,,,,,,,
1,0,MONITOR,https://drive.google.com/open?id=19n0RdThXpmDDgges2NinhMmiQoenGy1R ,https://arpa-e.energy.gov/?q=arpa-e-programs/monitor,IBM T.J. Watson Research Center,ALUMNI,For-profit,8/10/15,8/9/18,Resource Efficiency,https://www.mdpi.com/1424-8220/19/12/2707/pdf,,,Multi-Modal Methane Measurement System,Persist,,,,,,,,,,,,,
1,0,MONITOR,https://drive.google.com/open?id=19n0RdThXpmDDgges2NinhMmiQoenGy1R ,https://arpa-e.energy.gov/?q=arpa-e-programs/monitor,Maxion Technologies,ALUMNI,For-profit,6/2/15,12/1/18,Resource Efficiency,https://www.thorlabs.com/PressReleases.cfm?ReleaseID=69,https://www.osapublishing.org/abstract.cfm?uri=IPRSN-2018-IM4B.3,https://www.thorlabs.com/newgrouppage9.cfm?objectgroup_id=10819,Tunable Laser for Methane Detection,Persist,,https://patents.google.com/patent/US20190044304A1/en,,,,,,,,,,,
1,0,MONITOR,https://drive.google.com/open?id=19n0RdThXpmDDgges2NinhMmiQoenGy1R ,https://arpa-e.energy.gov/?q=arpa-e-programs/monitor,Palo Alto Research Center (PARC),ALUMNI,For-profit,5/11/15,9/30/18,Resource Efficiency,https://cdn2.hubspot.net/hubfs/4107711/Infosheets/PRINTED%20GAS%20SENSOR_Fact%20Sheet.pdf?__hstc=88157828.df734b06b8e2b15627f2ec9825b8961b.1563376459710.1565015842842.1565194431487.5&__hssc=88157828.4.1565194431487,,,System of Printed Hybrid Intelligent Nano-Chemical Sensors (SPHINCS),Persist,,,,,,,,,,,,,
1,0,MONITOR,https://drive.google.com/open?id=19n0RdThXpmDDgges2NinhMmiQoenGy1R ,https://arpa-e.energy.gov/?q=arpa-e-programs/monitor,Physical Sciences Inc. (PSI),ALUMNI,For-profit,4/16/15,12/31/18,Resource Efficiency,https://www.mdpi.com/2073-4433/9/9/333,http://www.psicorp.com/products,,Methane Leak Detection System,Persist,,,,,,,,,,,,,
1,0,MONITOR,https://drive.google.com/open?id=19n0RdThXpmDDgges2NinhMmiQoenGy1R ,https://arpa-e.energy.gov/?q=arpa-e-programs/monitor,Rebellion Photonics,ALUMNI,For-profit,4/16/15,8/15/18,Resource Efficiency,https://rebellionphotonics.com/solutions/,https://arpa-e.energy.gov/sites/default/files/Rebellion-MONITOR-May1.pdf,,Portable Methane Detection System,Persist,,,,,,,,,,,,,
1,0,MONITOR,https://drive.google.com/open?id=19n0RdThXpmDDgges2NinhMmiQoenGy1R ,https://arpa-e.energy.gov/?q=arpa-e-programs/monitor,LI-COR Biosciences,CANCELLED,For-profit,5/15/15,8/12/17,Resource Efficiency,https://www.licor.com/documents/6h6tnqczbalpmd7kcacc,,,Optical Sensors for Methane Detection,Persist,,,,,,,,,,,,,
1,0,REACT,https://drive.google.com/open?id=1ufHUrOtl8s0WewXvwYiawstnV2GsKnTa ,https://arpa-e.energy.gov/?q=arpa-e-programs/react,Ames National Laboratory,ALUMNI,Non-profit,1/1/12,5/31/15,Resource Efficiency,https://aip.scitation.org/doi/full/10.1063/1.4789527,https://onlinelibrary.wiley.com/doi/full/10.1002/adma.201404892,,Cerium-Based Magnets,Persist,,https://onlinelibrary.wiley.com/doi/full/10.1002/adma.201404892,,,,,,,,,,,
1,0,REACT,https://drive.google.com/open?id=1ufHUrOtl8s0WewXvwYiawstnV2GsKnTa ,https://arpa-e.energy.gov/?q=arpa-e-programs/react,Argonne National Laboratory (ANL),ALUMNI,Non-profit,1/1/12,9/30/15,Resource Efficiency,https://digital.library.unt.edu/ark:/67531/metadc846826/m1/1/,,,Exchange-Spring Magnets,Perish,,no data,,,,,,,,,,,
1,0,REACT,https://drive.google.com/open?id=1ufHUrOtl8s0WewXvwYiawstnV2GsKnTa ,https://arpa-e.energy.gov/?q=arpa-e-programs/react,Baldor Electric Company,ALUMNI,For-profit,1/31/12,2/15/15,Resource Efficiency,https://www.baldor.com/brands/baldor-reliance/products/motors/dc-motors/permanent-magnet,,,Rare-Earth-Free Traction Motor,Persist,,https://www.electriccarpartscompany.com/Baldor-EV-Motors-TEMR-50-HP,operate largely in other markets,,,,,,,,,,
1,0,REACT,https://drive.google.com/open?id=1ufHUrOtl8s0WewXvwYiawstnV2GsKnTa ,https://arpa-e.energy.gov/?q=arpa-e-programs/react,Brookhaven National Laboratory,ALUMNI,Non-profit,1/1/12,3/31/16,Resource Efficiency,https://arpa-e.energy.gov/sites/default/files/Brookhaven_AMSC_University%20of%20Houson_SuperPower_ImpactSheet_FINAL.pdf,,,Improved Superconducting Wire for Wind Generators,Persist,,,,,,,,,,,,,
1,0,REACT,https://drive.google.com/open?id=1ufHUrOtl8s0WewXvwYiawstnV2GsKnTa ,https://arpa-e.energy.gov/?q=arpa-e-programs/react,Case Western Reserve University,ALUMNI,Non-profit,1/1/12,6/30/15,Resource Efficiency,https://patents.google.com/patent/US9997285B2/en,,,Iron-Nitride Alloy Magnets,Persist,,,,,,,,,,,,,
1,0,REACT,https://drive.google.com/open?id=1ufHUrOtl8s0WewXvwYiawstnV2GsKnTa ,https://arpa-e.energy.gov/?q=arpa-e-programs/react,Dartmouth College,ALUMNI,Non-profit,1/1/12,3/30/13,Resource Efficiency,https://www.sciencedirect.com/science/article/pii/S2095809918307847,,,Manganese-Aluminum-Based Magnets,Persist,,https://scholar.google.com/citations?hl=en&user=otf9xVwAAAAJ&view_op=list_works&sortby=pubdate,,,,,,,,,,,
1,0,REACT,https://drive.google.com/open?id=1ufHUrOtl8s0WewXvwYiawstnV2GsKnTa ,https://arpa-e.energy.gov/?q=arpa-e-programs/react,Northeastern University,ALUMNI,Non-profit,2/24/12,12/31/13,Resource Efficiency,https://patents.google.com/patent/US10332661B2/en?inventor=Laura+H.+Lewis&oq=+Laura+H.+Lewis,,,Iron-Nickel-Based Supermagnets,Persist,,,,,,,,,,,,,
1,0,REACT,https://drive.google.com/open?id=1ufHUrOtl8s0WewXvwYiawstnV2GsKnTa ,https://arpa-e.energy.gov/?q=arpa-e-programs/react,Pacific Northwest National Laboratory (PNNL),ALUMNI,Non-profit,1/1/12,9/30/15,Resource Efficiency,https://iopscience.iop.org/article/10.1088/0953-8984/26/6/064212/meta,https://reader.elsevier.com/reader/sd/pii/S1359645418305858?token=128554AEB3D13F8AFBB4BE2311E8F19AE9F86BCCA3EB724011206DDFA706D6F6BB040466B804A9566B79B5A7C5CDB332,,Manganese-Based Magnets,Persist,,also looks at other candidate materials,,,,,,,,,,,
1,0,REACT,https://drive.google.com/open?id=1ufHUrOtl8s0WewXvwYiawstnV2GsKnTa ,https://arpa-e.energy.gov/?q=arpa-e-programs/react,QM Power,ALUMNI,For-profit,1/1/12,2/28/15,Resource Efficiency,https://www.qmpower.com/,https://www.prnewswire.co.uk/news-releases/doe-awards-strengthen-qm-power-focus-to-become-preeminent-energy-solutions-provider-for-hvacr-273419941.html,,"Efficient, High-Torque Electric Vehicle Motor",Pivot,,new market,,,,,,,,,,,
1,0,REACT,https://drive.google.com/open?id=1ufHUrOtl8s0WewXvwYiawstnV2GsKnTa ,https://arpa-e.energy.gov/?q=arpa-e-programs/react,University of Alabama,ALUMNI,Non-profit,2/8/12,9/30/13,Resource Efficiency,https://www.osti.gov/servlets/purl/1133257,,,Rare-Earth-Free Nanostructure Magnets,Persist,,,,,,,,,,,,,
1,0,REACT,https://drive.google.com/open?id=1ufHUrOtl8s0WewXvwYiawstnV2GsKnTa ,https://arpa-e.energy.gov/?q=arpa-e-programs/react,University of Houston,ALUMNI,Non-profit,1/1/12,6/30/15,Resource Efficiency,https://arpa-e.energy.gov/sites/default/files/Brookhaven_AMSC_University%20of%20Houson_SuperPower_ImpactSheet_FINAL.pdf,,,Low-Cost Superconducting Wire for Wind Generators,Persist,,,,,,,,,,,,,
1,0,REACT,https://drive.google.com/open?id=1ufHUrOtl8s0WewXvwYiawstnV2GsKnTa ,https://arpa-e.energy.gov/?q=arpa-e-programs/react,University of Minnesota (UMN),ALUMNI,Non-profit,1/1/12,9/30/15,Resource Efficiency,https://patents.google.com/patent/US20170243680A1/en,,,Iron-Nitride-Based Magnets,Persist,,,,,,,,,,,,,
1,0,REACT,https://drive.google.com/open?id=1ufHUrOtl8s0WewXvwYiawstnV2GsKnTa ,https://arpa-e.energy.gov/?q=arpa-e-programs/react,University of Texas at Dallas (UT Dallas),ALUMNI,Non-profit,6/7/12,2/15/15,Resource Efficiency,https://scholar.google.com/citations?hl=en&user=QpmecYkAAAAJ&view_op=list_works&sortby=pubdate#d=gs_md_cita-d&u=%2Fcitations%3Fview_op%3Dview_citation%26hl%3Den%26user%3DQpmecYkAAAAJ%26cstart%3D20%26pagesize%3D80%26sortby%3Dpubdate%26citation_for_view%3DQpmecYkAAAAJ%3A4MWp96NkSFoC%26tzom%3D240,https://patents.google.com/patent/US9231457B2/en,,Double-Stator Motor Design,Persist,,,,,,,,,,,,,
1,0,REACT,https://drive.google.com/open?id=1ufHUrOtl8s0WewXvwYiawstnV2GsKnTa ,https://arpa-e.energy.gov/?q=arpa-e-programs/react,Virginia Commonwealth University (VCU),ALUMNI,Non-profit,1/1/12,12/31/13,Resource Efficiency,https://www.osti.gov/servlets/purl/1133424,https://patents.google.com/patent/US9773594B2/en,http://www.nanofoundry.us/news/,Carbon-Based Magnets,Persist,,although website news not updated since 2015,,,,,,,,,,,
1,0,SHIELD,https://drive.google.com/open?id=1OEXQ7BrNEP6F8G5Ybx_zBT6B-O-Z7fVT ,https://arpa-e.energy.gov/?q=arpa-e-programs/shield,Triton Systems,ALUMNI,For-profit,2/6/17,3/13/18,Building Efficiency,http://www.tritonsys.com/,https://www.sbir.gov/sbirsearch/detail/1227723,,Multifunctional Glazing System,Persist,,can't find on business website,,,,,,,,,,,
127,0,0.00%,,,,,,,,,,,,,,,,,,,,,,,,,,